timestamp,sensor_id,nh3_ppm,co2_ppm,temperature_c,humidity_percent,tds_ppm,outdoor_temp_c,outdoor_humidity_percent,pressure_hpa,wind_speed_ms,rain_forecast,outbreak_occurred,mortality_count,pfsi_score
2026-02-20T16:47:54.317702,1,11.4,908.1,26.4,60.2,285.2,31.5,57.0,1011.7,2.0,No rain expected,0,0,80.0
2026-02-20T17:47:54.317702,1,12.9,941.2,24.6,56.7,296.1,30.1,56.7,1011.8,3.3,No rain expected,0,0,80.6
2026-02-20T18:47:54.317702,1,11.5,937.1,24.9,61.5,305.0,30.2,59.8,1011.0,3.4,No rain expected,0,0,81.2
2026-02-20T19:47:54.317702,1,11.9,940.6,24.1,59.0,308.2,29.2,61.9,1011.5,4.4,No rain expected,0,0,82.6
2026-02-20T20:47:54.317702,1,11.1,926.2,24.3,66.4,298.6,27.4,70.8,1009.8,3.8,No rain expected,0,0,83.1
2026-02-20T21:47:54.317702,1,11.2,915.9,23.2,69.3,297.3,27.6,74.4,1011.1,3.1,No rain expected,0,0,82.6
2026-02-20T22:47:54.317702,1,11.1,908.5,22.8,67.5,305.4,24.4,75.3,1011.0,2.0,No rain expected,0,0,85.9
2026-02-20T23:47:54.317702,1,11.6,916.1,23.2,68.6,309.8,25.7,78.3,1010.8,2.1,No rain expected,0,0,84.4
2026-02-21T00:47:54.317702,1,12.8,924.0,22.6,68.3,305.5,22.8,80.3,1009.8,0.9,No rain expected,0,0,86.2
2026-02-21T01:47:54.317702,1,16.4,1008.8,22.8,76.2,292.0,22.9,88.7,1009.8,1.0,No rain expected,0,0,82.8
2026-02-21T02:47:54.317702,1,15.4,972.2,22.3,74.0,292.3,22.3,82.5,1009.5,0.9,No rain expected,0,0,83.3
2026-02-21T03:47:54.317702,1,13.6,971.3,22.7,72.2,309.2,24.0,88.9,1008.6,2.0,No rain expected,0,0,83.5
2026-02-21T04:47:54.317702,1,12.9,962.4,22.8,68.8,301.6,24.6,78.4,1008.5,2.5,No rain expected,0,0,84.5
2026-02-21T05:47:54.317702,1,11.9,913.9,22.5,70.6,296.6,24.5,75.8,1008.6,3.1,No rain expected,0,0,84.0
2026-02-21T06:47:54.317702,1,11.1,915.9,23.1,68.1,300.8,26.3,79.8,1007.4,4.0,No rain expected,0,0,84.3
2026-02-21T07:47:54.317702,1,11.7,909.2,23.8,65.3,299.0,27.6,73.0,1006.9,3.9,No rain expected,0,0,83.4
2026-02-21T08:47:54.317702,1,11.8,928.6,23.9,62.2,310.9,26.8,68.5,1006.9,3.4,No rain expected,0,0,84.8
2026-02-21T09:47:54.317702,1,12.5,956.3,24.3,60.5,287.1,29.7,61.9,1006.2,3.0,No rain expected,0,0,82.1
2026-02-21T10:47:54.317702,1,11.8,922.8,24.9,65.5,310.9,31.6,65.8,1006.1,2.8,No rain expected,0,0,78.5
2026-02-21T11:47:54.317702,1,11.3,903.6,26.4,57.9,297.1,32.3,59.4,1005.9,2.1,No rain expected,0,0,78.5
2026-02-21T12:47:54.317702,1,12.7,944.6,26.0,60.5,308.7,31.1,55.4,1004.9,1.6,No rain expected,0,0,79.6
2026-02-21T13:47:54.317702,1,11.7,918.7,26.6,61.0,285.7,33.6,58.9,1005.3,1.0,No rain expected,0,0,77.4
2026-02-21T14:47:54.317702,1,12.7,957.7,26.4,60.2,287.9,32.5,56.6,1005.6,1.6,No rain expected,0,0,78.3
2026-02-21T15:47:54.317702,1,11.6,906.0,26.7,60.5,302.2,32.3,58.2,1004.4,1.3,No rain expected,0,0,78.7
2026-02-21T16:47:54.317702,1,11.3,935.6,26.6,58.8,289.3,32.7,61.8,1005.5,2.8,No rain expected,0,0,78.2
2026-02-21T17:47:54.317702,1,12.6,922.8,25.5,55.2,287.1,31.9,54.8,1005.6,3.1,No rain expected,0,0,78.2
2026-02-21T18:47:54.317702,1,12.8,942.2,25.1,61.2,289.5,30.2,60.3,1006.0,3.8,No rain expected,0,0,80.9
2026-02-21T19:47:54.317702,1,12.7,926.3,24.1,64.3,299.1,29.6,64.4,1005.2,3.8,No rain expected,0,0,81.1
2026-02-21T20:47:54.317702,1,11.7,920.6,23.8,67.0,303.9,28.3,71.9,1005.5,3.4,No rain expected,0,0,82.0
2026-02-21T21:47:54.317702,1,11.2,899.0,24.0,68.6,311.8,27.5,73.1,1005.2,3.7,No rain expected,0,0,82.4
2026-02-21T22:47:54.317702,1,11.8,926.9,23.6,68.2,298.9,26.0,79.1,1004.9,2.6,No rain expected,0,0,84.1
2026-02-21T23:47:54.317702,1,11.9,939.5,22.8,67.8,304.0,25.3,79.7,1005.3,1.9,No rain expected,0,0,84.5
2026-02-22T00:47:54.317702,1,15.1,973.7,23.0,73.6,299.3,24.0,84.4,1006.8,1.3,Rain expected,0,0,83.5
2026-02-22T01:47:54.317702,1,15.4,994.0,22.9,74.1,299.6,23.4,84.1,1007.6,0.5,No rain expected,0,0,83.5
2026-02-22T02:47:54.317702,1,17.4,1000.5,22.7,75.9,304.0,23.2,88.1,1007.0,1.1,No rain expected,0,0,81.9
2026-02-22T03:47:54.317702,1,18.0,1037.4,22.6,76.5,300.4,23.0,87.6,1008.3,1.9,Rain expected,0,0,81.4
2026-02-22T04:47:54.317702,1,11.0,933.9,22.8,66.9,297.6,24.5,78.8,1007.3,2.9,No rain expected,0,0,86.0
2026-02-22T05:47:54.317702,1,11.7,934.1,23.3,68.6,297.3,23.7,82.8,1008.8,2.8,No rain expected,0,0,86.4
2026-02-22T06:47:54.317702,1,12.1,916.6,23.0,64.8,304.2,26.1,73.7,1008.5,3.9,No rain expected,0,0,85.2
2026-02-22T07:47:54.317702,1,11.3,920.2,23.2,66.4,289.7,28.1,69.0,1009.0,3.9,No rain expected,0,0,83.0
2026-02-22T08:47:54.317702,1,12.1,942.4,23.8,64.5,292.1,28.5,69.8,1008.6,3.3,No rain expected,0,0,82.5
2026-02-22T09:47:54.317702,1,11.2,917.2,24.6,62.2,298.9,30.2,63.7,1010.6,3.5,No rain expected,0,0,81.4
2026-02-22T10:47:54.317702,1,11.3,911.7,24.9,61.6,297.5,31.4,64.5,1009.8,2.2,No rain expected,0,0,80.3
2026-02-22T11:47:54.317702,1,11.5,904.3,25.8,59.9,293.1,31.3,63.1,1010.1,1.4,No rain expected,0,0,80.4
2026-02-22T12:47:54.317702,1,12.3,936.1,26.5,58.8,302.0,31.9,60.5,1011.0,1.0,No rain expected,0,0,78.6
2026-02-22T13:47:54.317702,1,11.9,921.8,26.0,55.0,299.4,32.2,54.4,1010.1,1.4,No rain expected,0,0,77.6
2026-02-22T14:47:54.317702,1,12.9,948.0,26.1,62.5,300.6,32.7,59.4,1011.6,0.9,No rain expected,0,0,77.4
2026-02-22T15:47:54.317702,1,12.7,940.1,27.2,53.0,302.9,33.2,51.2,1011.3,1.3,No rain expected,0,0,75.0
2026-02-22T16:47:54.317702,1,11.0,912.9,25.7,57.5,299.7,32.1,54.1,1011.3,2.2,No rain expected,0,0,78.9
2026-02-22T17:47:54.317702,1,12.5,929.2,26.5,61.4,301.0,32.6,59.2,1010.3,3.7,No rain expected,0,0,77.8
2026-02-22T18:47:54.317702,1,12.0,926.1,24.8,57.5,312.3,29.3,60.6,1011.1,3.4,No rain expected,0,0,81.7
2026-02-22T19:47:54.317702,1,12.5,955.9,24.2,61.7,304.9,28.2,68.6,1010.6,3.9,No rain expected,0,0,83.1
2026-02-22T20:47:54.317702,1,12.5,954.7,23.8,65.7,286.3,28.0,73.9,1010.3,3.3,No rain expected,0,0,82.5
2026-02-22T21:47:54.317702,1,12.7,947.4,23.3,62.8,300.4,25.5,69.5,1009.8,3.6,No rain expected,0,0,85.9
2026-02-22T22:47:54.317702,1,12.6,951.1,22.8,66.7,312.4,26.7,77.7,1009.5,2.1,No rain expected,0,0,83.1
2026-02-22T23:47:54.317702,1,12.4,941.4,22.9,69.5,291.7,23.6,81.7,1010.0,1.7,No rain expected,0,0,86.0
2026-02-23T00:47:54.317702,1,14.1,964.9,22.4,72.4,292.2,22.6,87.9,1009.7,1.6,Rain expected,0,0,84.2
2026-02-23T01:47:54.317702,1,16.7,983.2,23.0,76.1,312.1,23.7,89.1,1008.4,1.0,No rain expected,0,0,82.4
2026-02-23T02:47:54.317702,1,12.7,936.1,22.7,72.0,294.3,24.2,84.5,1009.3,1.1,No rain expected,0,0,84.0
2026-02-23T03:47:54.317702,1,11.7,919.1,23.0,70.3,292.7,23.5,82.1,1008.1,1.8,No rain expected,0,0,86.4
2026-02-23T04:47:54.317702,1,13.0,927.6,22.4,69.0,307.0,22.5,79.6,1007.3,2.8,No rain expected,0,0,85.7
2026-02-23T05:47:54.317702,1,12.4,941.0,22.8,69.3,307.1,23.0,78.9,1007.6,3.1,No rain expected,0,0,86.2
2026-02-23T06:47:54.317702,1,11.7,928.4,23.7,70.8,291.1,24.8,78.9,1007.0,3.4,No rain expected,0,0,84.6
2026-02-23T07:47:54.317702,1,11.2,931.6,24.1,67.3,297.4,26.3,77.0,1006.2,4.1,No rain expected,0,0,84.0
2026-02-23T08:47:54.317702,1,11.3,933.3,24.0,62.8,290.2,27.6,70.6,1005.5,3.5,No rain expected,0,0,84.1
2026-02-23T09:47:54.317702,1,11.4,923.9,24.8,64.7,310.2,28.7,65.7,1005.8,3.7,No rain expected,0,0,81.8
2026-02-23T10:47:54.317702,1,12.6,945.9,25.1,63.2,303.6,29.1,63.4,1004.9,2.8,No rain expected,0,0,81.3
2026-02-23T11:47:54.317702,1,11.8,936.9,25.3,57.9,296.8,31.3,57.6,1005.0,1.6,No rain expected,0,0,79.7
2026-02-23T12:47:54.317702,1,11.6,939.9,26.1,61.6,302.1,30.9,61.7,1005.4,1.3,No rain expected,0,0,79.8
2026-02-23T13:47:54.317702,1,11.2,919.4,26.5,55.1,289.3,32.8,53.0,1004.8,0.5,No rain expected,0,0,77.2
2026-02-23T14:47:54.317702,1,12.6,935.6,26.6,58.2,304.5,31.9,56.6,1005.4,1.4,No rain expected,0,0,78.2
2026-02-23T15:47:54.317702,1,12.8,954.6,26.2,61.0,286.0,31.8,59.6,1004.1,1.8,No rain expected,0,0,78.8
2026-02-23T16:47:54.317702,1,11.5,934.7,26.3,56.6,309.3,33.2,54.8,1005.8,2.3,No rain expected,0,0,76.9
2026-02-23T17:47:54.317702,1,12.2,931.4,25.9,61.8,303.4,31.1,63.4,1005.9,3.5,No rain expected,0,0,79.5
2026-02-23T18:47:54.317702,1,11.8,942.1,25.5,62.5,299.1,31.2,67.3,1004.1,4.1,No rain expected,0,0,79.5
2026-02-23T19:47:54.317702,1,12.5,930.5,24.3,63.8,291.2,28.5,62.6,1006.1,3.9,No rain expected,0,0,82.4
2026-02-23T20:47:54.317702,1,11.9,912.2,24.0,63.6,300.8,27.8,70.4,1004.8,4.2,No rain expected,0,0,83.5
2026-02-23T21:47:54.317702,1,11.3,933.4,23.5,67.3,302.2,27.6,73.9,1005.1,2.8,No rain expected,0,0,82.9
2026-02-23T22:47:54.317702,1,12.5,955.8,23.7,69.8,314.1,25.6,78.3,1006.4,2.1,No rain expected,0,0,83.4
2026-02-23T23:47:54.317702,1,12.8,954.5,22.6,70.0,299.8,24.2,83.3,1006.0,1.3,No rain expected,0,0,84.2
2026-02-24T00:47:54.317702,1,12.8,940.1,23.1,69.5,287.9,24.4,83.7,1007.3,1.0,No rain expected,0,0,85.3
2026-02-24T01:47:54.317702,1,13.0,961.0,22.8,70.6,293.3,23.6,81.3,1006.6,1.0,No rain expected,0,0,85.1
2026-02-24T02:47:54.317702,1,15.2,970.5,22.4,74.7,314.9,22.9,87.8,1006.9,1.1,No rain expected,0,0,82.6
2026-02-24T03:47:54.317702,1,16.9,1018.5,22.1,74.9,295.1,22.7,84.9,1006.7,1.6,No rain expected,0,0,81.4
2026-02-24T04:47:54.317702,1,11.4,934.2,22.4,69.2,303.4,24.8,79.7,1007.8,2.4,No rain expected,0,0,83.8
2026-02-24T05:47:54.317702,1,14.6,980.3,23.3,72.3,302.4,25.4,84.8,1009.0,3.4,No rain expected,0,0,82.4
2026-02-24T06:47:54.317702,1,11.2,911.1,23.7,65.4,298.2,25.8,72.9,1008.1,3.6,No rain expected,0,0,85.3
2026-02-24T07:47:54.317702,1,11.4,907.9,23.3,66.9,309.6,25.2,77.3,1009.9,4.2,No rain expected,0,0,85.5
2026-02-24T08:47:54.317702,1,11.3,915.8,23.8,65.2,295.0,27.6,74.9,1009.7,3.5,No rain expected,0,0,83.5
2026-02-24T09:47:54.317702,1,12.2,916.2,24.6,63.6,298.1,28.4,67.2,1009.3,3.3,No rain expected,0,0,82.5
2026-02-24T10:47:54.317702,1,13.0,964.3,25.5,60.3,295.2,32.0,58.5,1009.3,2.8,No rain expected,0,0,79.0
2026-02-24T11:47:54.317702,1,12.4,950.5,26.5,60.4,289.8,32.8,59.6,1011.3,1.9,No rain expected,0,0,78.0
2026-02-24T12:47:54.317702,1,12.2,914.8,25.9,56.8,313.9,31.0,53.9,1011.2,0.8,No rain expected,0,0,79.2
2026-02-24T13:47:54.317702,1,13.0,928.6,27.2,60.4,311.7,33.9,57.8,1010.7,1.0,No rain expected,0,0,76.2
2026-02-24T14:47:54.317702,1,11.4,919.8,27.0,57.1,291.1,33.6,56.7,1010.6,1.3,No rain expected,0,0,76.6
2026-02-24T15:47:54.317702,1,12.8,926.0,27.1,54.6,298.1,33.8,53.4,1011.5,1.8,No rain expected,0,0,75.1
2026-02-24T16:47:54.317702,1,11.7,944.0,25.9,57.1,297.7,31.0,58.6,1010.6,3.0,No rain expected,0,0,79.5
2026-02-24T17:47:54.317702,1,11.9,933.6,25.9,60.8,290.1,32.1,62.7,1010.9,3.2,No rain expected,0,0,79.1
2026-02-24T18:47:54.317702,1,11.9,938.1,25.9,59.6,313.7,31.7,64.3,1010.2,3.7,No rain expected,0,0,79.3
2026-02-24T19:47:54.317702,1,12.1,923.3,24.6,67.7,310.0,28.9,70.3,1010.0,3.5,No rain expected,0,0,80.6
2026-02-24T20:47:54.317702,1,12.5,953.7,23.6,65.6,290.0,29.3,70.8,1010.6,3.9,No rain expected,0,0,81.3
2026-02-24T21:47:54.317702,1,11.6,927.7,24.0,62.2,296.4,26.0,70.4,1010.1,3.4,No rain expected,0,0,85.8
2026-02-24T22:47:54.317702,1,12.4,930.7,22.8,64.4,308.9,26.7,73.7,1009.9,2.5,No rain expected,0,0,84.0
2026-02-24T23:47:54.317702,1,11.5,923.7,23.3,70.3,306.9,24.7,83.7,1010.4,1.8,No rain expected,0,0,84.9
2026-02-25T00:47:54.317702,1,11.6,911.5,23.1,69.2,310.9,23.8,82.9,1010.3,1.3,No rain expected,0,0,86.2
2026-02-25T01:47:54.317702,1,14.5,982.9,22.5,72.2,312.6,22.4,83.6,1009.9,1.2,No rain expected,0,0,84.0
2026-02-25T02:47:54.317702,1,12.3,953.5,22.0,68.5,307.9,22.5,80.6,1009.3,1.1,No rain expected,0,0,84.9
2026-02-25T03:47:54.317702,1,13.0,956.3,22.7,72.3,306.2,24.6,86.5,1008.5,1.4,Rain expected,0,0,83.2
2026-02-25T04:47:54.317702,1,13.5,965.9,22.3,71.7,290.9,22.6,80.6,1008.7,2.9,No rain expected,0,0,84.3
2026-02-25T05:47:54.317702,1,12.5,936.4,22.6,69.6,297.4,25.9,84.5,1008.2,2.8,No rain expected,0,0,82.8
2026-02-25T06:47:54.317702,1,12.5,924.6,22.9,68.1,304.0,24.3,72.5,1006.4,3.6,No rain expected,0,0,85.6
2026-02-25T07:47:54.317702,1,12.6,942.0,24.0,64.7,304.7,25.9,72.6,1006.8,3.7,No rain expected,0,0,84.6
2026-02-25T08:47:54.317702,1,11.3,937.4,24.4,62.8,305.4,28.7,67.3,1006.9,4.0,No rain expected,0,0,82.6
2026-02-25T09:47:54.317702,1,11.2,916.3,24.0,59.0,291.6,29.6,63.7,1006.3,3.3,No rain expected,0,0,82.8
2026-02-25T10:47:54.317702,1,11.5,935.8,25.4,60.5,305.0,31.4,66.5,1006.6,2.1,No rain expected,0,0,80.0
2026-02-25T11:47:54.317702,1,11.5,923.1,25.5,54.5,301.7,30.4,54.4,1006.6,1.7,No rain expected,0,0,79.6
2026-02-25T12:47:54.317702,1,12.4,926.8,26.4,60.2,306.5,33.6,57.9,1005.9,1.4,No rain expected,0,0,77.2
2026-02-25T13:47:54.317702,1,12.4,942.3,26.8,57.3,293.0,33.2,54.8,1006.2,1.3,No rain expected,0,0,76.7
2026-02-25T14:47:54.317702,1,11.7,905.9,26.4,55.7,288.6,33.3,50.5,1004.2,1.0,No rain expected,0,0,76.8
2026-02-25T15:47:54.317702,1,11.1,919.5,27.2,54.1,303.9,33.8,53.2,1004.3,1.7,No rain expected,0,0,75.4
2026-02-25T16:47:54.317702,1,12.0,945.0,26.6,60.3,294.8,32.5,56.2,1004.0,2.8,No rain expected,0,0,78.3
2026-02-25T17:47:54.317702,1,11.0,919.7,25.9,61.7,287.4,31.3,60.7,1005.5,3.1,No rain expected,0,0,80.0
2026-02-25T18:47:54.317702,1,12.5,933.7,24.8,60.2,307.0,30.2,64.9,1005.9,4.0,No rain expected,0,0,81.3
2026-02-25T19:47:54.317702,1,12.8,959.9,25.0,60.6,307.2,30.4,64.1,1006.2,3.8,No rain expected,0,0,80.7
2026-02-25T20:47:54.317702,1,11.3,912.1,24.3,66.4,306.3,28.2,70.1,1005.4,4.2,No rain expected,0,0,82.2
2026-02-25T21:47:54.317702,1,11.9,927.7,23.2,65.8,296.5,25.3,75.5,1005.8,3.6,No rain expected,0,0,85.7
2026-02-25T22:47:54.317702,1,12.8,953.1,23.5,68.1,303.4,25.0,79.9,1006.6,2.5,No rain expected,0,0,84.6
2026-02-25T23:47:54.317702,1,11.4,915.6,23.4,70.3,288.4,25.9,84.4,1006.6,1.6,No rain expected,0,0,84.0
2026-02-26T00:47:54.317702,1,13.0,959.4,22.9,69.8,309.8,24.6,81.1,1005.8,0.9,Rain expected,0,0,84.4
2026-02-26T01:47:54.317702,1,13.3,940.0,22.4,72.4,300.0,23.8,82.7,1006.7,1.1,Rain expected,0,0,83.3
2026-02-26T02:47:54.317702,1,15.5,986.5,22.8,73.2,305.0,21.5,82.0,1006.5,0.7,Rain expected,0,0,82.7
2026-02-26T03:47:54.317702,1,16.4,994.3,22.8,76.8,292.2,22.8,89.0,1007.1,2.2,Rain expected,0,0,82.8
2026-02-26T04:47:54.317702,1,15.2,970.2,22.9,74.5,302.6,23.1,87.1,1007.8,2.1,No rain expected,0,0,83.8
2026-02-26T05:47:54.317702,1,12.3,947.3,23.1,68.2,300.9,23.0,80.9,1008.7,3.1,No rain expected,0,0,86.8
2026-02-26T06:47:54.317702,1,12.8,924.3,22.9,66.5,285.8,26.2,75.4,1007.8,3.8,No rain expected,0,0,84.3
2026-02-26T07:47:54.317702,1,11.9,930.5,23.6,66.9,288.9,27.1,71.5,1008.7,4.0,No rain expected,0,0,83.4
2026-02-26T08:47:54.317702,1,12.2,933.3,24.3,64.3,286.3,28.0,67.4,1010.0,4.1,No rain expected,0,0,82.9
2026-02-26T09:47:54.317702,1,12.3,919.2,24.6,63.0,302.1,29.3,70.6,1010.8,3.2,No rain expected,0,0,81.7
2026-02-26T10:47:54.317702,1,11.2,927.5,25.6,61.8,293.2,31.8,62.5,1009.6,2.4,No rain expected,0,0,79.4
2026-02-26T11:47:54.317702,1,12.5,927.6,26.5,59.8,307.0,33.0,59.1,1011.3,1.7,No rain expected,0,0,77.7
2026-02-26T12:47:54.317702,1,12.2,951.1,25.5,62.0,295.4,31.0,58.7,1010.9,1.5,No rain expected,0,0,79.8
2026-02-26T13:47:54.317702,1,12.5,937.0,25.8,59.2,288.7,32.1,55.4,1010.5,1.2,No rain expected,0,0,78.9
2026-02-26T14:47:54.317702,1,12.9,957.6,27.0,56.5,314.7,33.0,57.1,1010.9,1.2,No rain expected,0,0,76.1
2026-02-26T15:47:54.317702,1,11.4,909.5,25.8,61.1,288.6,31.6,60.3,1010.3,1.7,No rain expected,0,0,79.8
2026-02-26T16:47:54.317702,1,12.3,926.7,26.6,58.1,309.0,32.6,52.8,1010.1,2.3,No rain expected,0,0,77.6
2026-02-26T17:47:54.317702,1,11.2,924.3,25.3,58.7,303.4,30.4,60.5,1011.1,3.3,No rain expected,0,0,81.0
2026-02-26T18:47:54.317702,1,12.1,944.7,25.5,60.9,296.1,31.7,58.0,1011.1,3.5,No rain expected,0,0,79.5
2026-02-26T19:47:54.317702,1,11.2,900.8,24.2,62.4,290.7,30.1,66.6,1010.0,4.4,No rain expected,0,0,81.8
2026-02-26T20:47:54.317702,1,12.8,922.3,24.0,68.7,304.4,28.9,72.2,1009.6,3.3,No rain expected,0,0,80.5
2026-02-26T21:47:54.317702,1,11.6,936.4,24.1,69.0,307.1,26.6,72.3,1011.1,2.8,No rain expected,0,0,82.9
2026-02-26T22:47:54.317702,1,15.3,998.7,22.9,74.1,292.2,25.5,82.2,1009.5,2.4,No rain expected,0,0,81.5
2026-02-26T23:47:54.317702,1,12.6,954.7,22.5,69.0,289.9,25.5,81.6,1010.4,1.5,No rain expected,0,0,83.1
2026-02-27T00:47:54.317702,1,11.4,907.7,23.2,69.4,295.1,23.5,78.9,1009.8,1.1,No rain expected,0,0,86.7
2026-02-27T01:47:54.317702,1,11.3,924.0,22.5,69.6,314.6,24.5,80.1,1008.5,1.1,No rain expected,0,0,84.2
2026-02-27T02:47:54.317702,1,16.3,1005.5,22.7,75.3,288.3,23.7,85.1,1009.4,1.4,No rain expected,0,0,82.1
2026-02-27T03:47:54.317702,1,15.1,971.0,22.9,74.9,308.4,23.2,85.9,1009.3,1.3,No rain expected,0,0,83.6
2026-02-27T04:47:54.317702,1,14.8,962.9,22.7,73.8,309.4,24.8,82.9,1007.4,2.1,No rain expected,0,0,81.9
2026-02-27T05:47:54.317702,1,14.8,956.4,22.9,74.6,291.0,23.3,84.5,1008.1,3.3,No rain expected,0,0,83.9
2026-02-27T06:47:54.317702,1,12.7,957.5,23.1,66.5,305.1,26.9,76.3,1007.3,4.2,No rain expected,0,0,83.4
2026-02-27T07:47:54.317702,1,11.7,924.7,23.1,63.5,293.9,27.3,69.9,1007.7,4.4,No rain expected,0,0,84.5
2026-02-27T08:47:54.317702,1,11.5,937.5,23.9,63.7,286.4,28.0,67.6,1007.3,3.9,No rain expected,0,0,83.5
2026-02-27T09:47:54.317702,1,11.9,945.0,24.3,64.7,312.8,28.0,70.0,1006.7,2.9,No rain expected,0,0,82.5
2026-02-27T10:47:54.317702,1,11.6,915.2,25.6,60.3,293.3,31.4,64.5,1005.3,2.1,No rain expected,0,0,80.2
2026-02-27T11:47:54.317702,1,12.5,943.2,26.5,58.9,302.9,33.0,57.4,1005.0,2.1,No rain expected,0,0,77.4
2026-02-27T12:47:54.317702,1,13.0,946.6,26.1,57.6,291.8,32.8,59.8,1005.8,1.2,No rain expected,0,0,77.4
2026-02-27T13:47:54.317702,1,11.4,928.3,26.1,60.8,297.2,32.4,56.8,1004.8,1.2,No rain expected,0,0,78.8
2026-02-27T14:47:54.317702,1,12.3,924.1,27.3,54.0,288.0,33.4,52.8,1004.9,1.3,No rain expected,0,0,75.5
2026-02-27T15:47:54.317702,1,11.5,930.2,26.7,57.5,310.3,34.2,52.1,1005.2,2.0,No rain expected,0,0,76.0
2026-02-27T16:47:54.317702,1,11.8,935.8,25.6,59.5,285.8,31.0,54.4,1004.1,2.7,No rain expected,0,0,80.5
2026-02-27T17:47:54.317702,1,12.4,947.3,25.8,62.0,307.2,31.8,64.1,1005.6,3.3,No rain expected,0,0,78.6
2026-02-27T18:47:54.317702,1,11.7,938.7,24.8,60.6,286.9,29.8,61.1,1004.7,3.5,No rain expected,0,0,82.1
2026-02-27T19:47:54.317702,1,12.7,957.9,24.1,62.7,293.8,28.2,62.3,1004.5,3.8,No rain expected,0,0,82.9
2026-02-27T20:47:54.317702,1,12.8,929.6,23.8,67.7,313.8,27.1,69.7,1006.4,3.5,No rain expected,0,0,82.5
2026-02-27T21:47:54.317702,1,12.8,955.8,23.8,64.5,298.1,27.0,74.3,1006.2,3.4,No rain expected,0,0,83.6
2026-02-27T22:47:54.317702,1,12.9,954.3,23.6,67.8,313.8,26.2,77.0,1006.8,2.8,No rain expected,0,0,83.3
2026-02-27T23:47:54.317702,1,13.1,952.6,23.0,70.3,285.1,24.0,81.5,1007.2,2.2,Rain expected,0,0,85.4
2026-02-28T00:47:54.317702,1,14.8,956.7,22.5,73.9,290.8,24.6,88.0,1006.9,1.0,No rain expected,0,0,81.8
2026-02-28T01:47:54.317702,1,14.6,966.9,22.7,73.2,311.6,24.5,85.3,1007.6,0.8,No rain expected,0,0,82.4
2026-02-28T02:47:54.317702,1,16.4,1007.8,22.4,75.9,311.4,23.2,86.2,1007.6,1.1,No rain expected,0,0,81.4
2026-02-28T03:47:54.317702,1,13.9,977.3,22.7,72.6,299.4,23.6,83.6,1007.0,1.9,Rain expected,0,0,83.8
2026-02-28T04:47:54.317702,1,12.4,916.9,23.1,68.3,313.8,23.3,81.2,1008.8,2.5,No rain expected,0,0,86.7
2026-02-28T05:47:54.317702,1,12.9,941.9,22.7,70.8,287.5,25.2,83.9,1008.2,2.8,No rain expected,0,0,83.4
2026-02-28T06:47:54.317702,1,13.2,956.6,23.3,70.3,312.9,25.8,75.8,1009.4,3.8,No rain expected,0,0,83.0
2026-02-28T07:47:54.317702,1,12.4,926.4,23.5,67.0,313.0,26.7,76.0,1009.9,3.9,No rain expected,0,0,83.4
2026-02-28T08:47:54.317702,1,11.4,919.9,24.4,61.3,295.4,26.6,65.4,1009.8,4.2,No rain expected,0,0,85.3
2026-02-28T09:47:54.317702,1,12.7,943.4,24.0,66.9,311.8,28.1,69.5,1010.5,3.0,No rain expected,0,0,81.6
2026-02-28T10:47:54.317702,1,12.1,940.6,25.8,58.5,296.0,32.0,57.8,1009.3,2.0,No rain expected,0,0,78.8
2026-02-28T11:47:54.317702,1,12.2,923.6,25.8,63.9,286.5,32.7,64.3,1009.5,1.4,No rain expected,0,0,77.6
2026-02-28T12:47:54.317702,1,12.2,952.4,26.2,57.8,308.6,32.0,58.8,1009.8,1.7,No rain expected,0,0,78.2
2026-02-28T13:47:54.317702,1,11.9,917.4,26.8,60.8,286.4,32.2,59.8,1010.7,1.4,No rain expected,0,0,78.7
2026-02-28T14:47:54.317702,1,13.0,945.2,27.2,55.8,310.4,34.2,51.8,1011.5,0.9,No rain expected,0,0,74.7
2026-02-28T15:47:54.317702,1,12.5,921.7,25.9,55.5,310.7,32.0,56.3,1011.2,2.1,No rain expected,0,0,77.7
2026-02-28T16:47:54.317702,1,11.4,918.0,26.1,53.8,300.6,31.0,52.4,1010.5,3.0,No rain expected,0,0,78.6
2026-02-28T17:47:54.317702,1,12.9,927.4,25.5,62.0,305.6,30.1,61.6,1010.2,3.1,No rain expected,0,0,80.5
2026-02-28T18:47:54.317702,1,11.2,900.2,24.3,57.6,287.7,30.0,57.7,1010.5,3.5,No rain expected,0,0,81.9
2026-02-28T19:47:54.317702,1,12.5,927.9,24.2,64.8,302.3,29.3,69.0,1009.9,3.6,No rain expected,0,0,81.2
2026-02-28T20:47:54.317702,1,12.5,920.6,24.2,68.9,288.8,28.7,74.6,1010.9,4.1,No rain expected,0,0,80.8
2026-02-28T21:47:54.317702,1,12.9,951.0,23.2,67.9,286.1,25.5,76.8,1011.3,3.5,No rain expected,0,0,84.5
2026-02-28T22:47:54.317702,1,12.2,948.6,23.3,65.9,285.6,24.5,74.4,1009.4,3.0,No rain expected,0,0,86.3
2026-02-28T23:47:54.317702,1,13.1,953.4,22.6,71.9,314.6,24.6,83.2,1010.2,1.6,No rain expected,0,0,82.9
2026-03-01T00:47:54.317702,1,12.2,942.1,22.3,68.8,287.0,24.1,81.0,1009.1,0.9,No rain expected,0,0,84.3
2026-03-01T01:47:54.317702,1,12.7,928.9,22.8,70.2,300.4,23.7,80.2,1008.6,0.6,Rain expected,0,0,85.3
2026-03-01T02:47:54.317702,1,14.5,956.7,22.2,72.0,310.1,21.6,84.2,1009.3,1.1,No rain expected,0,0,83.3
2026-03-01T03:47:54.317702,1,13.6,939.6,22.9,72.0,310.7,23.9,87.0,1008.8,1.8,No rain expected,0,0,84.3
2026-03-01T04:47:54.317702,1,13.1,958.2,22.7,72.4,295.8,23.9,85.0,1007.0,2.4,No rain expected,0,0,83.9
2026-03-01T05:47:54.317702,1,13.8,943.3,23.4,72.0,295.5,25.6,78.4,1008.2,3.2,No rain expected,0,0,82.8
2026-03-01T06:47:54.317702,1,12.3,948.9,23.5,66.6,313.3,25.8,78.9,1007.9,4.0,No rain expected,0,0,84.4
2026-03-01T07:47:54.317702,1,12.5,935.2,23.4,63.4,301.4,27.6,69.1,1006.8,4.4,No rain expected,0,0,83.7
2026-03-01T08:47:54.317702,1,11.5,936.4,24.2,64.1,313.2,28.2,67.1,1006.7,3.9,No rain expected,0,0,82.7
2026-03-01T09:47:54.317702,1,12.4,931.3,24.6,61.9,300.1,29.9,62.5,1006.7,3.0,No rain expected,0,0,81.3
2026-03-01T10:47:54.317702,1,12.2,943.7,25.1,60.3,294.0,31.6,66.0,1005.9,2.3,No rain expected,0,0,79.9
2026-03-01T11:47:54.317702,1,12.7,941.8,25.7,58.9,285.9,32.6,58.0,1006.5,1.3,No rain expected,0,0,78.4
2026-03-01T12:47:54.317702,1,11.7,915.1,26.3,60.3,294.1,31.8,56.9,1004.7,1.1,No rain expected,0,0,79.4
2026-03-01T13:47:54.317702,1,11.5,922.5,27.0,55.2,301.4,34.0,50.8,1004.8,0.9,No rain expected,0,0,75.5
2026-03-01T14:47:54.317702,1,11.7,936.5,27.1,57.5,296.6,33.9,58.8,1004.7,0.8,No rain expected,0,0,76.1
2026-03-01T15:47:54.317702,1,12.0,925.6,27.3,58.2,295.5,33.6,59.7,1005.9,1.7,No rain expected,0,0,76.5
2026-03-01T16:47:54.317702,1,12.6,943.9,26.2,60.9,314.9,31.9,57.4,1004.8,2.4,No rain expected,0,0,78.5
2026-03-01T17:47:54.317702,1,12.4,928.0,25.5,58.0,286.3,31.6,61.2,1005.7,3.3,No rain expected,0,0,79.3
2026-03-01T18:47:54.317702,1,11.8,912.1,24.8,60.5,293.6,29.7,65.7,1005.2,4.2,No rain expected,0,0,82.2
2026-03-01T19:47:54.317702,1,11.8,935.4,24.6,67.3,287.7,30.4,69.3,1005.8,3.8,No rain expected,0,0,79.5
2026-03-01T20:47:54.317702,1,12.1,923.3,23.7,69.5,293.3,28.2,73.9,1004.7,3.5,No rain expected,0,0,81.4
2026-03-01T21:47:54.317702,1,11.1,903.1,23.5,67.5,307.0,27.4,72.6,1005.2,3.6,No rain expected,0,0,83.2
2026-03-01T22:47:54.317702,1,11.6,925.5,23.3,64.2,297.0,25.3,74.2,1005.5,2.8,No rain expected,0,0,86.2
2026-03-01T23:47:54.317702,1,11.8,922.9,22.9,70.7,298.7,24.0,82.8,1006.3,2.2,No rain expected,0,0,85.4
2026-03-02T00:47:54.317702,1,14.0,953.5,22.6,73.5,313.0,22.8,83.8,1007.0,1.6,No rain expected,0,0,84.0
2026-03-02T01:47:54.317702,1,15.0,980.9,22.4,74.6,315.0,24.1,86.8,1007.7,0.7,No rain expected,0,0,81.4
2026-03-02T02:47:54.317702,1,16.9,997.2,22.5,76.0,285.0,24.3,88.7,1007.3,0.8,No rain expected,0,0,80.7
2026-03-02T03:47:54.317702,1,12.5,951.6,22.9,69.7,302.8,23.6,80.2,1007.3,1.8,No rain expected,0,0,85.7
2026-03-02T04:47:54.317702,1,11.4,920.0,22.9,69.9,285.5,22.9,80.9,1007.9,2.3,No rain expected,0,0,87.0
2026-03-02T05:47:54.317702,1,12.1,921.9,23.3,67.8,295.7,23.6,79.8,1008.3,3.0,No rain expected,0,0,86.7
2026-03-02T06:47:54.317702,1,11.5,924.3,22.8,70.1,292.0,25.4,76.9,1008.3,3.9,No rain expected,0,0,84.1
2026-03-02T07:47:54.317702,1,11.1,933.0,24.1,66.6,299.3,28.0,73.9,1008.2,3.9,No rain expected,0,0,82.5
2026-03-02T08:47:54.317702,1,12.5,940.8,24.0,64.4,302.8,28.0,72.6,1009.8,4.1,No rain expected,0,0,82.7
2026-03-02T09:47:54.317702,1,12.9,924.6,24.0,62.2,307.8,28.0,69.9,1010.0,3.6,No rain expected,0,0,83.2
2026-03-02T10:47:54.317702,1,12.3,926.5,24.5,62.1,314.5,29.3,64.5,1010.6,3.0,No rain expected,0,0,81.8
2026-03-02T11:47:54.317702,1,11.6,917.2,26.2,62.1,288.2,32.4,61.9,1009.5,1.9,No rain expected,0,0,78.4
2026-03-02T12:47:54.317702,1,11.6,929.7,26.0,58.7,294.0,32.4,55.3,1010.5,1.4,No rain expected,0,0,78.6
2026-03-02T13:47:54.317702,1,11.0,923.7,25.6,54.0,303.2,31.4,53.9,1011.1,1.1,No rain expected,0,0,78.5
2026-03-02T14:47:54.317702,1,12.9,926.4,26.8,60.4,296.3,33.7,57.1,1011.7,1.3,No rain expected,0,0,76.8
2026-03-02T15:47:54.317702,1,11.2,937.5,26.5,54.2,287.9,32.0,50.8,1011.9,1.7,No rain expected,0,0,77.6
2026-03-02T16:47:54.317702,1,11.1,899.3,26.7,63.2,304.5,33.2,61.9,1011.7,2.5,No rain expected,0,0,77.1
2026-03-02T17:47:54.317702,1,11.0,926.6,25.9,60.5,285.7,30.9,60.6,1010.5,3.3,No rain expected,0,0,80.7
2026-03-02T18:47:54.317702,1,12.8,944.5,24.7,59.6,296.2,30.7,59.9,1011.4,4.2,No rain expected,0,0,80.8
2026-03-02T19:47:54.317702,1,11.6,931.4,24.7,62.4,311.5,29.9,64.2,1011.2,3.7,No rain expected,0,0,81.2
2026-03-02T20:47:54.317702,1,12.9,949.8,23.6,66.5,300.6,28.3,67.1,1010.7,4.0,No rain expected,0,0,81.8
2026-03-02T21:47:54.317702,1,11.5,903.1,23.3,68.1,299.2,26.6,73.1,1009.7,2.9,No rain expected,0,0,83.9
2026-03-02T22:47:54.317702,1,12.2,952.9,22.9,66.3,309.1,25.8,77.7,1010.7,2.1,No rain expected,0,0,84.5
2026-03-02T23:47:54.317702,1,12.0,935.9,22.6,70.8,302.0,23.5,81.3,1009.6,1.5,No rain expected,0,0,84.9
2026-03-03T00:47:54.317702,1,12.9,949.7,22.5,69.8,302.9,23.8,83.4,1009.2,0.7,No rain expected,0,0,84.3
2026-03-03T01:47:54.317702,1,14.3,945.6,22.4,73.7,296.3,23.4,82.6,1009.2,1.0,No rain expected,0,0,83.0
2026-03-03T02:47:54.317702,1,15.6,979.2,22.9,73.7,300.0,23.7,81.7,1008.7,1.4,No rain expected,0,0,83.3
2026-03-03T03:47:54.317702,1,12.5,947.2,22.4,68.9,289.5,24.4,83.5,1007.5,1.6,No rain expected,0,0,84.0
2026-03-03T04:47:54.317702,1,12.7,939.4,23.1,71.3,287.8,23.8,86.3,1007.8,2.7,Rain expected,0,0,85.4
2026-03-03T05:47:54.317702,1,12.0,912.9,23.4,67.5,304.5,24.2,78.3,1007.8,3.7,No rain expected,0,0,86.1
2026-03-03T06:47:54.317702,1,11.4,910.3,23.5,67.6,288.8,24.9,73.5,1006.6,3.7,No rain expected,0,0,85.7
2026-03-03T07:47:54.317702,1,12.1,921.8,23.6,68.9,300.7,25.2,74.8,1007.1,4.4,No rain expected,0,0,84.6
2026-03-03T08:47:54.317702,1,11.4,910.6,24.4,63.4,289.7,27.8,70.3,1006.5,3.6,No rain expected,0,0,83.6
2026-03-03T09:47:54.317702,1,12.5,956.9,24.6,60.3,304.9,30.4,62.4,1006.6,3.5,No rain expected,0,0,81.1
2026-03-03T10:47:54.317702,1,12.1,936.3,24.4,61.9,300.3,29.0,59.3,1005.5,2.6,No rain expected,0,0,82.4
2026-03-03T11:47:54.317702,1,11.5,934.1,25.3,61.4,285.1,30.6,61.9,1006.3,2.0,No rain expected,0,0,80.9
2026-03-03T12:47:54.317702,1,11.9,944.4,26.1,57.2,289.5,32.7,53.7,1005.4,0.7,No rain expected,0,0,77.7
2026-03-03T13:47:54.317702,1,11.9,943.0,27.0,56.3,303.8,32.9,58.1,1005.2,1.2,No rain expected,0,0,76.6
2026-03-03T14:47:54.317702,1,11.0,919.4,27.2,58.1,313.5,33.0,59.4,1004.3,1.4,No rain expected,0,0,77.3
2026-03-03T15:47:54.317702,1,12.6,948.2,26.9,55.8,298.3,33.3,51.3,1004.3,2.1,No rain expected,0,0,76.0
2026-03-03T16:47:54.317702,1,12.7,922.9,26.6,58.4,290.6,32.5,53.6,1004.3,2.1,No rain expected,0,0,77.9
2026-03-03T17:47:54.317702,1,12.3,933.9,26.7,62.1,296.3,32.9,59.3,1005.9,3.4,No rain expected,0,0,77.3
2026-03-03T18:47:54.317702,1,12.2,931.0,24.6,56.4,291.0,29.8,58.5,1005.3,4.3,No rain expected,0,0,81.1
2026-03-03T19:47:54.317702,1,12.1,911.6,24.4,61.5,313.4,27.9,61.2,1004.8,4.0,No rain expected,0,0,83.6
2026-03-03T20:47:54.317702,1,11.1,931.9,23.6,65.8,309.7,28.0,72.5,1005.2,3.4,No rain expected,0,0,82.8
2026-03-03T21:47:54.317702,1,12.5,929.1,24.0,69.5,311.7,25.5,73.1,1004.9,2.9,No rain expected,0,0,83.6
2026-03-03T22:47:54.317702,1,11.4,930.7,23.6,63.9,287.9,26.4,73.2,1006.3,2.9,No rain expected,0,0,85.2
2026-03-03T23:47:54.317702,1,11.9,935.5,23.3,67.9,313.2,23.4,79.0,1006.4,1.6,No rain expected,0,0,86.7
2026-03-04T00:47:54.317702,1,11.1,931.8,22.8,70.0,293.0,25.0,81.8,1005.7,1.5,Rain expected,0,0,84.6
2026-03-04T01:47:54.317702,1,18.1,1032.0,22.7,77.7,290.5,23.6,89.4,1006.5,0.8,No rain expected,0,0,80.8
2026-03-04T02:47:54.317702,1,13.2,928.8,22.9,70.7,289.2,22.6,81.3,1006.9,1.5,No rain expected,0,0,85.9
2026-03-04T03:47:54.317702,1,13.1,953.7,22.1,72.6,309.3,22.9,89.1,1007.5,2.1,No rain expected,0,0,83.2
2026-03-04T04:47:54.317702,1,13.7,959.3,22.3,71.8,285.7,23.5,87.9,1008.6,2.1,No rain expected,0,0,83.4
2026-03-04T05:47:54.317702,1,12.5,918.8,22.9,70.9,298.3,24.5,83.4,1007.8,3.3,No rain expected,0,0,84.7
2026-03-04T06:47:54.317702,1,12.1,921.5,23.1,67.5,306.4,25.8,78.8,1009.8,3.4,No rain expected,0,0,84.6
2026-03-04T07:47:54.317702,1,12.3,920.4,23.5,70.8,295.3,25.8,76.6,1010.0,4.2,No rain expected,0,0,83.5
2026-03-04T08:47:54.317702,1,11.5,919.1,24.1,63.8,309.3,27.1,70.6,1009.4,4.0,No rain expected,0,0,84.1
2026-03-04T09:47:54.317702,1,12.6,937.3,24.4,61.5,297.7,29.1,68.5,1009.0,3.1,No rain expected,0,0,82.3
2026-03-04T10:47:54.317702,1,12.2,936.3,24.7,60.7,296.8,29.2,62.8,1009.7,2.7,No rain expected,0,0,82.4
2026-03-04T11:47:54.317702,1,12.1,919.5,26.2,59.4,288.1,33.0,58.2,1009.8,2.0,No rain expected,0,0,78.1
2026-03-04T12:47:54.317702,1,12.7,949.1,25.9,57.1,294.4,32.7,54.4,1011.3,1.7,No rain expected,0,0,77.5
2026-03-04T13:47:54.317702,1,11.0,926.3,26.1,55.4,297.9,31.5,54.8,1011.1,0.7,No rain expected,0,0,78.7
2026-03-04T14:47:54.317702,1,12.7,938.0,26.3,58.5,290.4,33.1,54.9,1011.1,0.9,No rain expected,0,0,77.4
2026-03-04T15:47:54.317702,1,12.0,913.1,26.7,61.3,285.9,32.2,58.4,1012.0,1.7,No rain expected,0,0,78.6
2026-03-04T16:47:54.317702,1,11.1,924.3,26.0,60.0,307.8,32.3,58.3,1011.2,2.7,No rain expected,0,0,79.2
2026-03-04T17:47:54.317702,1,11.0,926.4,26.2,59.8,304.0,32.5,63.0,1011.1,2.9,No rain expected,0,0,78.9
2026-03-04T18:47:54.317702,1,12.5,954.1,24.8,57.1,311.9,29.0,60.0,1010.2,3.7,No rain expected,0,0,81.5
2026-03-04T19:47:54.317702,1,12.8,939.9,24.1,60.8,289.7,28.7,61.7,1011.0,3.6,No rain expected,0,0,83.1
2026-03-04T20:47:54.317702,1,12.3,940.1,24.0,68.1,299.2,28.7,73.2,1010.4,4.0,No rain expected,0,0,81.0
2026-03-04T21:47:54.317702,1,12.5,941.8,24.1,64.8,285.3,27.1,74.1,1010.0,3.6,No rain expected,0,0,83.6
2026-03-04T22:47:54.317702,1,12.5,938.5,23.4,68.5,285.4,25.2,74.4,1009.1,2.1,No rain expected,0,0,84.8
2026-03-04T23:47:54.317702,1,13.6,935.0,23.3,71.9,307.0,23.8,80.9,1010.5,1.5,No rain expected,0,0,84.6
2026-03-05T00:47:54.317702,1,13.3,953.4,22.7,71.0,301.6,24.7,84.6,1010.0,1.5,Rain expected,0,0,83.4
2026-03-05T01:47:54.317702,1,13.7,941.1,22.6,73.0,297.9,23.2,86.5,1009.8,0.7,No rain expected,0,0,84.1
2026-03-05T02:47:54.317702,1,13.6,953.6,22.8,71.5,306.9,22.3,88.5,1008.7,1.7,No rain expected,0,0,84.8
2026-03-05T03:47:54.317702,1,14.1,953.2,22.3,72.2,291.1,23.9,79.6,1008.7,1.8,No rain expected,0,0,82.8
2026-03-05T04:47:54.317702,1,15.9,990.9,22.5,75.1,313.4,23.2,85.3,1008.9,2.0,Rain expected,0,0,82.1
2026-03-05T05:47:54.317702,1,11.1,929.3,22.6,69.5,294.1,24.5,80.3,1006.8,3.6,No rain expected,0,0,84.7
2026-03-05T06:47:54.317702,1,11.6,915.5,23.4,69.4,288.0,26.0,78.8,1007.1,4.2,No rain expected,0,0,84.1
2026-03-05T07:47:54.317702,1,12.5,931.9,23.4,70.5,294.0,25.9,76.5,1006.9,4.3,No rain expected,0,0,83.4
2026-03-05T08:47:54.317702,1,12.8,932.2,23.5,64.1,304.4,28.3,73.1,1005.8,3.8,No rain expected,0,0,82.7
2026-03-05T09:47:54.317702,1,11.2,934.3,24.7,64.4,313.3,29.0,63.9,1006.5,3.3,No rain expected,0,0,81.6
2026-03-05T10:47:54.317702,1,11.2,916.3,26.0,59.4,298.8,32.0,62.5,1006.8,2.4,No rain expected,0,0,79.4
2026-03-05T11:47:54.317702,1,12.6,939.6,26.2,59.0,298.1,32.1,56.2,1005.7,1.3,No rain expected,0,0,78.5
2026-03-05T12:47:54.317702,1,11.4,907.5,26.5,55.9,302.2,33.1,56.0,1006.1,1.7,No rain expected,0,0,76.9
2026-03-05T13:47:54.317702,1,12.9,941.5,26.3,54.7,309.7,31.9,51.6,1004.5,1.0,No rain expected,0,0,77.1
2026-03-05T14:47:54.317702,1,12.9,936.7,26.5,58.7,303.8,32.3,58.9,1006.0,1.6,No rain expected,0,0,77.9
2026-03-05T15:47:54.317702,1,12.6,933.0,26.3,60.0,287.9,32.5,55.6,1005.6,1.8,No rain expected,0,0,78.5
2026-03-05T16:47:54.317702,1,12.3,936.4,25.6,58.7,310.8,31.9,57.5,1004.5,2.0,No rain expected,0,0,78.9
2026-03-05T17:47:54.317702,1,11.7,923.4,26.1,61.1,294.3,32.2,61.6,1005.3,3.7,No rain expected,0,0,78.9
2026-03-05T18:47:54.317702,1,11.4,912.2,25.3,63.9,287.1,31.9,65.8,1004.1,3.5,No rain expected,0,0,79.0
2026-03-05T19:47:54.317702,1,12.3,919.6,24.9,66.0,294.6,30.0,67.0,1004.5,4.1,No rain expected,0,0,80.0
2026-03-05T20:47:54.317702,1,12.2,918.0,24.2,61.0,287.2,28.9,66.1,1004.6,3.5,No rain expected,0,0,83.1
2026-03-05T21:47:54.317702,1,11.6,936.7,23.2,65.8,305.5,26.2,77.3,1005.0,3.6,No rain expected,0,0,84.7
2026-03-05T22:47:54.317702,1,11.6,921.9,23.6,64.1,308.6,24.7,72.6,1006.6,2.2,No rain expected,0,0,86.6
2026-03-05T23:47:54.317702,1,13.6,943.4,22.7,72.7,299.2,24.8,85.5,1006.1,1.8,No rain expected,0,0,82.8
2026-03-06T00:47:54.317702,1,12.8,947.2,22.8,71.8,309.7,22.4,79.3,1007.3,1.2,No rain expected,0,0,85.0
2026-03-06T01:47:54.317702,1,13.3,969.0,22.2,70.9,295.6,24.6,82.5,1006.0,1.0,No rain expected,0,0,82.3
2026-03-06T02:47:54.317702,1,12.5,943.7,22.5,69.2,300.8,24.0,80.9,1007.2,1.5,No rain expected,0,0,84.5
2026-03-06T03:47:54.317702,1,16.2,986.1,22.3,75.9,293.8,23.5,88.8,1008.3,1.9,Rain expected,0,0,81.2
2026-03-06T04:47:54.317702,1,11.7,920.4,22.3,70.9,289.9,24.9,79.2,1007.0,2.4,No rain expected,0,0,83.1
2026-03-06T05:47:54.317702,1,12.0,933.5,22.5,69.7,300.3,23.6,79.2,1008.4,2.8,No rain expected,0,0,85.0
2026-03-06T06:47:54.317702,1,12.7,949.9,23.1,70.9,290.9,25.2,79.7,1007.9,4.0,No rain expected,0,0,84.0
2026-03-06T07:47:54.317702,1,12.3,929.8,23.1,66.9,307.9,28.1,77.6,1008.6,3.6,No rain expected,0,0,82.3
2026-03-06T08:47:54.317702,1,11.4,922.5,23.8,61.7,311.0,28.0,67.1,1008.9,3.6,No rain expected,0,0,83.9
2026-03-06T09:47:54.317702,1,11.7,944.2,24.0,65.4,293.5,30.0,68.0,1010.6,3.6,No rain expected,0,0,80.7
2026-03-06T10:47:54.317702,1,12.2,945.0,25.0,63.8,290.4,31.0,63.9,1010.2,2.0,No rain expected,0,0,79.6
2026-03-06T11:47:54.317702,1,11.3,908.3,24.8,57.2,288.8,30.2,56.4,1010.9,1.4,No rain expected,0,0,81.3
2026-03-06T12:47:54.317702,1,12.2,940.0,26.0,61.6,303.1,32.9,61.7,1011.4,1.2,No rain expected,0,0,77.7
2026-03-06T13:47:54.317702,1,12.1,931.4,27.3,55.6,302.4,33.4,55.7,1010.9,1.2,No rain expected,0,0,75.8
2026-03-06T14:47:54.317702,1,12.3,921.2,26.3,60.8,293.1,33.2,56.6,1011.0,0.8,No rain expected,0,0,77.7
2026-03-06T15:47:54.317702,1,13.0,928.5,27.0,57.8,292.6,34.1,58.6,1010.7,2.2,No rain expected,0,0,75.8
2026-03-06T16:47:54.317702,1,11.0,905.5,26.3,57.5,293.9,31.5,56.9,1010.3,2.7,No rain expected,0,0,79.4
2026-03-06T17:47:54.317702,1,12.6,957.7,25.8,61.6,303.2,32.1,59.6,1010.6,3.7,No rain expected,0,0,78.4
2026-03-06T18:47:54.317702,1,11.2,909.7,25.5,63.3,298.5,30.9,62.8,1011.1,3.6,No rain expected,0,0,80.0
2026-03-06T19:47:54.317702,1,12.9,927.5,24.9,59.8,292.7,29.8,63.2,1010.3,3.9,No rain expected,0,0,81.8
2026-03-06T20:47:54.317702,1,11.3,901.6,23.5,68.8,295.4,26.6,74.7,1009.9,3.3,No rain expected,0,0,83.7
2026-03-06T21:47:54.317702,1,12.8,927.0,23.9,69.1,311.2,26.7,72.6,1010.6,2.9,No rain expected,0,0,82.5
2026-03-06T22:47:54.317702,1,12.1,950.0,23.1,69.6,286.5,25.4,80.1,1010.2,2.1,No rain expected,0,0,84.4
2026-03-06T23:47:54.317702,1,12.1,942.6,23.2,65.9,300.1,23.8,75.6,1008.9,1.3,No rain expected,0,0,87.0
2026-03-07T00:47:54.317702,1,15.1,975.5,22.9,74.3,289.4,23.1,85.8,1010.1,1.2,No rain expected,0,0,84.0
2026-03-07T01:47:54.317702,1,18.0,1012.8,22.6,77.1,297.1,23.5,89.2,1009.5,1.1,No rain expected,0,0,80.9
2026-03-07T02:47:54.317702,1,14.6,982.9,22.9,73.1,304.1,23.4,80.5,1008.9,1.7,No rain expected,0,0,84.0
2026-03-07T03:47:54.317702,1,16.2,1006.5,22.4,75.5,294.3,22.9,87.3,1008.1,1.3,No rain expected,0,0,82.1
2026-03-07T04:47:54.317702,1,15.8,974.7,22.9,73.6,297.0,23.2,81.8,1008.6,2.3,Rain expected,0,0,83.9
2026-03-07T05:47:54.317702,1,14.7,987.2,23.4,72.2,306.9,23.7,80.0,1007.6,2.8,No rain expected,0,0,84.0
2026-03-07T06:47:54.317702,1,13.5,949.2,23.2,71.5,306.0,26.3,80.4,1006.7,4.0,No rain expected,0,0,82.3
2026-03-07T07:47:54.317702,1,12.2,936.9,23.5,67.1,290.1,27.8,72.7,1006.9,3.6,No rain expected,0,0,82.6
2026-03-07T08:47:54.317702,1,12.5,919.2,23.7,67.8,306.7,26.9,73.6,1006.3,4.2,No rain expected,0,0,83.0
2026-03-07T09:47:54.317702,1,12.2,932.2,24.9,66.2,311.4,29.0,67.7,1005.6,3.3,No rain expected,0,0,80.7
2026-03-07T10:47:54.317702,1,12.8,961.7,24.7,60.6,291.2,30.9,63.4,1005.7,2.9,No rain expected,0,0,80.5
2026-03-07T11:47:54.317702,1,12.4,917.1,25.3,62.7,309.9,31.2,63.3,1006.4,1.9,No rain expected,0,0,79.4
2026-03-07T12:47:54.317702,1,12.3,941.6,26.3,57.9,309.6,32.9,54.0,1004.9,1.6,No rain expected,0,0,77.3
2026-03-07T13:47:54.317702,1,11.4,933.9,27.1,56.6,314.8,33.1,58.6,1005.3,1.4,No rain expected,0,0,76.6
2026-03-07T14:47:54.317702,1,12.8,957.8,26.1,59.2,296.9,31.5,56.1,1004.9,1.0,No rain expected,0,0,79.1
2026-03-07T15:47:54.317702,1,13.0,935.8,26.6,61.0,292.0,33.0,59.2,1004.4,1.7,No rain expected,0,0,77.4
2026-03-07T16:47:54.317702,1,11.4,908.9,26.1,60.5,293.7,32.0,61.9,1005.3,2.1,No rain expected,0,0,79.4
2026-03-07T17:47:54.317702,1,11.1,904.9,25.8,57.0,307.3,31.5,57.1,1005.3,3.3,No rain expected,0,0,79.3
2026-03-07T18:47:54.317702,1,11.1,931.2,25.0,58.8,299.9,30.0,60.9,1004.6,4.1,No rain expected,0,0,81.6
2026-03-07T19:47:54.317702,1,12.5,955.3,24.3,64.5,306.2,30.0,70.8,1006.0,3.9,No rain expected,0,0,80.4
2026-03-07T20:47:54.317702,1,12.7,933.1,24.4,64.3,300.9,27.3,65.7,1005.5,3.8,No rain expected,0,0,83.2
2026-03-07T21:47:54.317702,1,11.5,920.1,23.1,66.8,311.7,26.5,75.7,1005.9,3.4,No rain expected,0,0,84.2
2026-03-07T22:47:54.317702,1,12.3,916.7,23.6,67.1,298.1,24.0,77.1,1005.5,2.6,No rain expected,0,0,86.3
2026-03-07T23:47:54.317702,1,15.5,967.5,23.0,73.7,302.7,25.5,82.8,1006.4,1.6,No rain expected,0,0,81.8
2026-03-08T00:47:54.317702,1,12.5,954.0,22.6,71.1,313.6,25.0,82.4,1005.6,1.5,No rain expected,0,0,83.0
2026-03-08T01:47:54.317702,1,12.9,935.1,22.9,68.8,287.7,24.4,83.3,1007.0,1.2,No rain expected,0,0,85.3
2026-03-08T02:47:54.317702,1,16.0,1009.6,22.8,74.0,306.9,22.8,82.9,1006.7,0.9,Rain expected,0,0,83.5
2026-03-08T03:47:54.317702,1,14.9,964.4,22.1,72.8,299.1,22.2,82.8,1007.8,1.3,No rain expected,0,0,83.4
2026-03-08T04:47:54.317702,1,13.1,949.0,22.6,72.1,301.8,23.0,82.3,1008.7,2.3,Rain expected,0,0,84.7
2026-03-08T05:47:54.317702,1,11.6,929.1,22.6,67.2,310.2,23.3,78.7,1008.6,3.2,No rain expected,0,0,86.3
2026-03-08T06:47:54.317702,1,13.2,950.5,23.5,71.1,290.9,24.3,78.4,1008.3,3.7,No rain expected,0,0,84.5
2026-03-08T07:47:54.317702,1,11.4,932.8,23.2,65.5,288.6,26.1,76.2,1009.7,4.5,No rain expected,0,0,85.2
2026-03-08T08:47:54.317702,1,12.0,933.8,24.4,62.9,312.0,28.4,65.1,1009.8,3.9,No rain expected,0,0,82.6
2026-03-08T09:47:54.317702,1,11.6,942.4,24.8,63.7,292.8,28.9,70.6,1009.9,3.5,No rain expected,0,0,82.0
2026-03-08T10:47:54.317702,1,11.5,920.2,25.3,62.0,308.8,32.0,63.1,1009.7,2.7,No rain expected,0,0,79.1
2026-03-08T11:47:54.317702,1,12.9,950.8,25.1,60.5,302.1,30.9,55.1,1009.7,1.7,No rain expected,0,0,80.2
2026-03-08T12:47:54.317702,1,11.4,929.7,25.6,58.1,299.1,32.0,55.0,1011.2,1.5,No rain expected,0,0,79.1
2026-03-08T13:47:54.317702,1,12.6,942.2,26.5,58.8,309.1,32.8,58.0,1010.9,1.3,No rain expected,0,0,77.5
2026-03-08T14:47:54.317702,1,11.9,922.6,26.9,56.5,299.6,33.4,51.3,1010.2,1.0,No rain expected,0,0,76.4
2026-03-08T15:47:54.317702,1,11.2,923.6,26.5,55.6,307.8,31.7,51.4,1011.3,1.7,No rain expected,0,0,78.2
2026-03-08T16:47:54.317702,1,11.9,914.5,26.2,59.3,297.4,31.2,57.5,1012.0,2.0,No rain expected,0,0,79.9
2026-03-08T17:47:54.317702,1,13.0,958.8,25.7,61.6,288.9,32.5,58.6,1011.2,2.9,No rain expected,0,0,78.1
2026-03-08T18:47:54.317702,1,12.9,948.8,24.6,61.1,313.4,29.2,61.7,1011.3,3.7,No rain expected,0,0,81.9
2026-03-08T19:47:54.317702,1,12.3,944.6,24.1,66.0,293.2,29.1,68.1,1011.6,3.7,No rain expected,0,0,81.2
2026-03-08T20:47:54.317702,1,11.5,905.3,24.4,61.9,304.2,28.8,65.1,1010.6,3.9,No rain expected,0,0,82.9
2026-03-08T21:47:54.317702,1,11.8,941.9,23.7,66.8,294.6,27.5,76.3,1010.1,3.1,No rain expected,0,0,82.9
2026-03-08T22:47:54.317702,1,12.7,929.6,23.2,68.3,298.4,25.2,76.3,1010.8,2.3,No rain expected,0,0,84.8
2026-03-08T23:47:54.317702,1,13.5,953.7,22.5,72.8,303.4,23.3,80.2,1009.6,1.3,No rain expected,0,0,83.7
2026-03-09T00:47:54.317702,1,12.8,935.1,22.9,71.1,300.7,25.0,85.2,1009.4,0.7,No rain expected,0,0,83.9
2026-03-09T01:47:54.317702,1,12.7,922.4,22.7,70.3,300.9,22.7,83.5,1008.5,1.1,Rain expected,0,0,86.0
2026-03-09T02:47:54.317702,1,12.1,945.1,22.5,69.4,299.8,24.1,80.1,1009.7,1.2,No rain expected,0,0,84.5
2026-03-09T03:47:54.317702,1,14.2,957.9,22.4,73.5,311.4,24.0,87.0,1008.6,1.9,Rain expected,0,0,82.2
2026-03-09T04:47:54.317702,1,12.6,919.0,22.5,67.5,304.2,24.2,78.4,1007.9,2.8,No rain expected,0,0,84.9
2026-03-09T05:47:54.317702,1,11.1,930.3,23.2,65.5,303.2,23.2,76.9,1007.0,2.8,No rain expected,0,0,88.0
2026-03-09T06:47:54.317702,1,12.5,920.4,23.0,71.3,302.4,25.4,76.8,1007.6,4.1,No rain expected,0,0,83.8
2026-03-09T07:47:54.317702,1,11.1,921.9,23.5,63.9,290.0,25.7,69.9,1006.2,3.9,No rain expected,0,0,86.1
2026-03-09T08:47:54.317702,1,12.8,932.3,24.3,69.5,307.8,26.7,73.6,1005.6,3.8,No rain expected,0,0,82.2
2026-03-09T09:47:54.317702,1,12.5,940.7,24.3,64.5,307.2,30.3,64.5,1006.5,3.6,No rain expected,0,0,80.1
2026-03-09T10:47:54.317702,1,12.3,932.4,25.1,63.1,296.8,30.0,66.1,1005.1,2.6,No rain expected,0,0,80.7
2026-03-09T11:47:54.317702,1,11.2,916.4,25.2,58.9,292.4,30.8,57.1,1005.3,1.9,No rain expected,0,0,80.9
2026-03-09T12:47:54.317702,1,12.1,924.5,25.5,59.5,287.6,31.2,60.2,1005.3,1.7,No rain expected,0,0,80.3
2026-03-09T13:47:54.317702,1,12.5,930.2,26.0,60.8,306.3,32.0,55.6,1005.9,1.2,No rain expected,0,0,78.8
2026-03-09T14:47:54.317702,1,12.6,921.2,27.1,58.0,293.6,33.8,59.9,1005.6,1.3,No rain expected,0,0,76.2
2026-03-09T15:47:54.317702,1,11.2,926.8,25.8,57.9,304.9,32.2,52.8,1005.1,2.0,No rain expected,0,0,78.7
2026-03-09T16:47:54.317702,1,11.4,937.0,26.1,59.8,304.0,30.9,56.9,1004.0,2.6,No rain expected,0,0,80.3
2026-03-09T17:47:54.317702,1,11.2,928.9,25.8,58.6,290.0,33.0,63.1,1005.8,2.8,No rain expected,0,0,78.3
2026-03-09T18:47:54.317702,1,12.7,959.0,24.3,63.8,310.7,29.8,65.9,1004.4,4.0,No rain expected,0,0,80.6
2026-03-09T19:47:54.317702,1,12.4,941.9,24.1,61.3,285.6,28.1,64.4,1005.7,3.6,No rain expected,0,0,83.7
2026-03-09T20:47:54.317702,1,12.6,933.9,24.5,67.6,312.9,26.9,72.1,1005.1,3.7,No rain expected,0,0,82.5
2026-03-09T21:47:54.317702,1,12.0,929.3,23.2,69.9,287.9,26.4,78.4,1006.0,3.0,No rain expected,0,0,83.4
2026-03-09T22:47:54.317702,1,13.1,928.2,23.2,70.6,302.2,24.7,77.9,1006.7,2.2,No rain expected,0,0,84.4
2026-03-09T23:47:54.317702,1,12.5,935.8,23.0,68.3,309.7,24.7,81.8,1005.8,1.6,No rain expected,0,0,85.3
2026-03-10T00:47:54.317702,1,11.4,925.2,23.0,69.6,294.9,24.7,80.1,1005.9,1.4,No rain expected,0,0,85.4
2026-03-10T01:47:54.317702,1,15.0,964.7,22.7,72.6,288.6,24.2,85.4,1007.8,0.7,No rain expected,0,0,83.0
2026-03-10T02:47:54.317702,1,14.3,972.8,22.3,71.8,303.7,21.9,86.1,1006.3,1.4,No rain expected,0,0,83.8
2026-03-10T03:47:54.317702,1,16.0,995.1,22.8,74.0,295.1,23.6,87.2,1007.9,1.6,No rain expected,0,0,82.9
2026-03-10T04:47:54.317702,1,13.1,964.9,23.0,71.9,304.0,22.3,83.7,1008.8,2.3,No rain expected,0,0,84.9
2026-03-10T05:47:54.317702,1,11.6,914.4,23.0,65.3,311.0,24.6,75.6,1009.0,3.5,No rain expected,0,0,86.6
2026-03-10T06:47:54.317702,1,12.3,941.1,23.3,69.8,291.6,25.0,75.1,1008.6,4.1,No rain expected,0,0,84.6
2026-03-10T07:47:54.317702,1,12.0,936.1,23.9,65.8,308.8,27.4,73.0,1008.7,4.2,No rain expected,0,0,83.0
2026-03-10T08:47:54.317702,1,11.8,911.7,23.9,62.5,308.7,28.8,69.7,1009.3,4.1,No rain expected,0,0,82.8
2026-03-10T09:47:54.317702,1,11.5,915.0,24.4,64.0,298.0,30.2,65.9,1010.5,2.9,No rain expected,0,0,80.9
2026-03-10T10:47:54.317702,1,11.6,905.2,24.7,58.7,297.7,30.2,61.2,1010.4,2.1,No rain expected,0,0,81.6
2026-03-10T11:47:54.317702,1,11.7,937.5,25.6,57.2,307.0,31.8,57.0,1011.2,1.9,No rain expected,0,0,78.8
2026-03-10T12:47:54.317702,1,12.0,915.4,26.5,58.9,291.8,32.8,58.8,1011.0,1.0,No rain expected,0,0,78.0
2026-03-10T13:47:54.317702,1,12.5,933.4,26.5,55.2,291.8,31.8,51.5,1010.8,0.7,No rain expected,0,0,77.7
2026-03-10T14:47:54.317702,1,12.5,947.3,26.8,56.9,292.2,34.2,59.4,1010.9,0.8,No rain expected,0,0,75.6
2026-03-10T15:47:54.317702,1,12.8,955.2,26.7,57.0,306.1,33.9,56.8,1010.7,2.2,No rain expected,0,0,75.6
2026-03-10T16:47:54.317702,1,12.6,946.9,25.7,58.0,297.0,32.2,60.3,1011.5,3.0,No rain expected,0,0,78.4
2026-03-10T17:47:54.317702,1,11.7,925.2,26.0,61.9,312.2,32.3,62.5,1011.3,3.2,No rain expected,0,0,78.3
2026-03-10T18:47:54.317702,1,12.1,934.0,25.0,60.4,312.2,30.3,58.8,1010.0,4.0,No rain expected,0,0,81.1
2026-03-10T19:47:54.317702,1,12.8,940.3,24.0,61.3,302.9,28.9,64.1,1011.0,3.9,No rain expected,0,0,82.6
2026-03-10T20:47:54.317702,1,11.7,928.6,24.5,69.3,293.2,27.7,74.8,1010.0,4.3,No rain expected,0,0,81.7
2026-03-10T21:47:54.317702,1,12.2,938.7,23.5,65.0,314.7,28.0,75.0,1010.1,3.2,No rain expected,0,0,82.7
2026-03-10T22:47:54.317702,1,13.3,941.0,23.2,71.9,309.4,25.4,80.4,1009.3,2.4,No rain expected,0,0,83.1
2026-03-10T23:47:54.317702,1,11.6,927.7,22.9,65.4,309.0,24.3,75.7,1010.6,1.5,No rain expected,0,0,86.6
2026-03-11T00:47:54.317702,1,15.2,972.0,23.0,74.2,293.5,22.9,83.2,1010.0,1.3,Rain expected,0,0,84.3
2026-03-11T01:47:54.317702,1,11.8,927.7,22.6,70.3,305.9,23.8,80.0,1008.4,0.5,No rain expected,0,0,84.9
2026-03-11T02:47:54.317702,1,12.5,938.7,22.3,68.8,306.7,23.7,80.1,1008.4,1.5,No rain expected,0,0,84.4
2026-03-11T03:47:54.317702,1,11.6,927.7,22.6,68.4,294.0,22.6,80.1,1007.8,2.0,No rain expected,0,0,86.8
2026-03-11T04:47:54.317702,1,13.8,957.8,23.0,72.9,293.0,25.1,82.8,1007.4,2.8,No rain expected,0,0,83.2
2026-03-11T05:47:54.317702,1,11.1,922.9,22.9,69.6,314.5,24.0,76.0,1008.5,2.9,No rain expected,0,0,85.7
2026-03-11T06:47:54.317702,1,13.3,966.1,23.2,71.3,302.2,24.5,79.6,1008.1,3.5,No rain expected,0,0,84.1
2026-03-11T07:47:54.317702,1,12.5,928.6,24.0,65.9,288.4,27.4,72.3,1005.9,3.9,No rain expected,0,0,83.1
2026-03-11T08:47:54.317702,1,11.2,898.5,24.0,69.8,289.4,29.0,74.6,1007.1,3.6,No rain expected,0,0,80.9
2026-03-11T09:47:54.317702,1,11.9,936.0,24.8,65.9,294.8,29.2,70.2,1006.2,3.5,No rain expected,0,0,80.9
2026-03-11T10:47:54.317702,1,12.6,944.5,25.3,56.6,304.4,30.3,58.4,1006.5,2.3,No rain expected,0,0,80.0
2026-03-11T11:47:54.317702,1,11.1,896.9,26.6,59.3,309.9,32.8,56.3,1006.0,1.8,No rain expected,0,0,78.3
2026-03-11T12:47:54.317702,1,11.1,914.5,26.3,58.2,295.7,32.5,56.2,1005.6,0.8,No rain expected,0,0,78.5
2026-03-11T13:47:54.317702,1,12.7,947.1,27.4,61.9,287.7,34.0,60.3,1004.4,1.1,No rain expected,0,0,75.8
2026-03-11T14:47:54.317702,1,12.5,951.3,26.3,57.1,308.9,31.7,52.9,1004.6,0.8,No rain expected,0,0,78.1
2026-03-11T15:47:54.317702,1,11.4,904.3,26.4,59.4,303.7,33.4,58.9,1005.0,2.1,No rain expected,0,0,77.7
2026-03-11T16:47:54.317702,1,11.1,906.5,26.6,61.7,307.1,33.5,59.4,1004.7,2.7,No rain expected,0,0,77.3
2026-03-11T17:47:54.317702,1,12.9,949.9,25.4,61.7,314.5,30.8,63.4,1005.3,2.8,No rain expected,0,0,79.7
2026-03-11T18:47:54.317702,1,11.2,922.9,24.6,57.7,292.8,30.7,58.2,1004.5,3.9,No rain expected,0,0,80.9
2026-03-11T19:47:54.317702,1,12.0,914.7,24.3,65.8,285.1,27.9,66.9,1004.9,4.3,No rain expected,0,0,82.7
2026-03-11T20:47:54.317702,1,11.5,921.4,24.2,65.2,293.3,27.7,65.9,1005.8,3.5,No rain expected,0,0,83.2
2026-03-11T21:47:54.317702,1,11.8,928.6,24.0,65.4,305.0,28.2,71.7,1005.1,3.7,No rain expected,0,0,82.4
2026-03-11T22:47:54.317702,1,11.1,936.0,23.4,66.8,298.1,26.7,75.8,1006.3,2.4,No rain expected,0,0,84.1
2026-03-11T23:47:54.317702,1,12.4,924.5,23.2,71.3,309.9,24.7,84.5,1005.6,1.3,No rain expected,0,0,84.3
2026-03-12T00:47:54.317702,1,11.6,907.3,22.6,69.5,313.4,24.8,78.3,1007.4,1.6,No rain expected,0,0,84.2
2026-03-12T01:47:54.317702,1,15.3,990.2,22.1,73.3,312.4,22.8,83.8,1007.5,0.6,No rain expected,0,0,82.2
2026-03-12T02:47:54.317702,1,13.5,945.4,22.2,71.3,305.9,23.6,80.2,1008.1,1.3,No rain expected,0,0,83.1
2026-03-12T03:47:54.317702,1,11.2,898.0,22.9,69.2,308.0,23.8,81.1,1007.5,1.5,No rain expected,0,0,86.3
2026-03-12T04:47:54.317702,1,15.0,980.1,22.6,73.0,313.2,23.5,85.8,1008.6,2.8,No rain expected,0,0,83.0
2026-03-12T05:47:54.317702,1,11.5,914.5,22.7,67.5,289.1,23.5,79.5,1007.7,3.0,No rain expected,0,0,86.6
2026-03-12T06:47:54.317702,1,11.0,930.3,23.0,68.4,303.8,25.5,73.4,1008.8,3.4,No rain expected,0,0,85.0
2026-03-12T07:47:54.317702,1,11.6,931.1,23.9,69.3,292.1,26.4,77.0,1009.5,3.9,No rain expected,0,0,83.3
2026-03-12T08:47:54.317702,1,11.8,925.6,24.5,69.7,306.3,27.0,74.2,1009.1,4.1,No rain expected,0,0,82.1
2026-03-12T09:47:54.317702,1,11.7,910.2,24.9,63.9,287.2,28.5,61.8,1009.8,3.1,No rain expected,0,0,82.5
2026-03-12T10:47:54.317702,1,12.9,961.0,25.0,62.4,307.5,31.8,67.3,1010.5,2.6,No rain expected,0,0,78.7
2026-03-12T11:47:54.317702,1,12.4,934.1,25.5,64.2,287.0,30.2,63.6,1010.3,2.0,No rain expected,0,0,80.0
2026-03-12T12:47:54.317702,1,11.6,913.8,26.0,59.9,289.5,32.9,54.4,1011.0,1.7,No rain expected,0,0,78.7
2026-03-12T13:47:54.317702,1,12.5,922.1,26.3,61.2,289.2,32.9,58.0,1011.7,0.7,No rain expected,0,0,77.9
2026-03-12T14:47:54.317702,1,12.3,921.7,27.1,61.4,313.0,33.3,58.3,1010.4,0.8,No rain expected,0,0,76.8
2026-03-12T15:47:54.317702,1,11.3,929.0,26.5,55.9,295.8,31.7,51.3,1011.8,2.0,No rain expected,0,0,78.3
2026-03-12T16:47:54.317702,1,12.4,950.6,26.5,59.3,309.2,32.1,54.8,1011.1,2.8,No rain expected,0,0,78.3
2026-03-12T17:47:54.317702,1,12.8,952.6,26.0,57.6,294.9,32.0,61.2,1011.4,2.8,No rain expected,0,0,78.2
2026-03-12T18:47:54.317702,1,11.2,914.7,24.5,64.5,311.8,30.4,63.4,1011.6,4.2,No rain expected,0,0,80.4
2026-03-12T19:47:54.317702,1,12.5,949.6,24.3,61.5,290.8,29.2,68.2,1010.9,3.7,No rain expected,0,0,82.3
2026-03-12T20:47:54.317702,1,12.1,951.1,23.6,64.3,303.8,29.2,72.6,1010.4,3.4,No rain expected,0,0,81.8
2026-03-12T21:47:54.317702,1,11.6,916.9,23.5,65.7,302.4,27.4,74.5,1009.5,2.9,No rain expected,0,0,83.5
2026-03-12T22:47:54.317702,1,13.8,965.4,23.1,71.2,304.4,24.2,79.4,1010.7,2.4,No rain expected,0,0,84.3
2026-03-12T23:47:54.317702,1,12.8,925.2,22.9,68.6,300.2,25.0,76.2,1009.7,1.9,No rain expected,0,0,84.7
2026-03-13T00:47:54.317702,1,14.0,946.3,22.4,73.7,297.5,22.3,85.6,1009.9,1.2,No rain expected,0,0,84.0
2026-03-13T01:47:54.317702,1,12.7,930.1,22.8,68.3,304.9,23.0,81.3,1008.2,0.6,No rain expected,0,0,86.5
2026-03-13T02:47:54.317702,1,14.7,956.7,22.2,73.9,312.3,21.9,87.2,1009.7,1.6,Rain expected,0,0,83.0
2026-03-13T03:47:54.317702,1,15.5,996.8,22.3,73.5,312.1,21.7,89.5,1007.8,1.3,Rain expected,0,0,82.5
2026-03-13T04:47:54.317702,1,13.9,945.6,22.5,72.3,307.2,22.5,84.5,1008.7,2.3,No rain expected,0,0,84.6
2026-03-13T05:47:54.317702,1,12.9,959.6,22.8,69.8,307.0,24.5,76.8,1008.5,3.2,No rain expected,0,0,84.3
2026-03-13T06:47:54.317702,1,12.6,939.0,23.6,69.8,311.9,24.0,75.6,1008.0,3.9,No rain expected,0,0,85.1
2026-03-13T07:47:54.317702,1,11.3,926.3,23.6,65.7,286.2,27.9,70.9,1007.2,3.7,No rain expected,0,0,83.2
2026-03-13T08:47:54.317702,1,11.2,936.9,24.3,66.6,314.0,28.6,68.6,1007.1,4.2,No rain expected,0,0,81.5
2026-03-13T09:47:54.317702,1,11.4,935.5,24.1,61.1,286.7,30.6,61.4,1006.9,2.8,No rain expected,0,0,81.6
2026-03-13T10:47:54.317702,1,12.7,920.8,25.6,62.4,298.9,31.6,65.9,1005.1,2.2,No rain expected,0,0,79.0
2026-03-13T11:47:54.317702,1,12.3,941.1,25.9,57.7,300.3,31.4,61.3,1004.8,2.2,No rain expected,0,0,79.0
2026-03-13T12:47:54.317702,1,11.4,938.8,25.6,53.7,307.8,31.9,52.8,1004.9,1.0,No rain expected,0,0,77.7
2026-03-13T13:47:54.317702,1,11.2,914.6,26.3,52.4,298.6,32.5,50.7,1005.4,0.8,No rain expected,0,0,76.7
2026-03-13T14:47:54.317702,1,12.9,932.2,26.6,57.8,295.9,33.1,57.7,1005.5,0.9,No rain expected,0,0,76.9
2026-03-13T15:47:54.317702,1,12.6,929.2,26.8,55.6,297.7,33.0,51.1,1004.6,2.2,No rain expected,0,0,76.4
2026-03-13T16:47:54.317702,1,12.9,944.3,25.9,58.1,305.6,31.6,54.9,1004.4,2.0,No rain expected,0,0,78.7
2026-03-13T17:47:54.317702,1,12.8,942.1,24.9,56.1,301.5,30.3,55.4,1004.9,3.5,No rain expected,0,0,80.0
2026-03-13T18:47:54.317702,1,12.4,935.3,24.9,64.8,294.7,29.6,66.9,1004.5,3.5,No rain expected,0,0,80.7
2026-03-13T19:47:54.317702,1,12.9,955.5,24.6,61.0,290.4,30.7,63.2,1005.4,4.2,No rain expected,0,0,80.6
2026-03-13T20:47:54.317702,1,12.3,942.1,24.4,61.7,309.1,27.9,67.0,1004.5,3.5,No rain expected,0,0,83.4
2026-03-13T21:47:54.317702,1,11.4,904.7,23.4,62.1,301.8,27.6,69.3,1006.0,3.7,No rain expected,0,0,84.6
2026-03-13T22:47:54.317702,1,11.9,932.8,23.7,65.8,310.3,24.6,75.5,1005.8,2.2,No rain expected,0,0,85.9
2026-03-13T23:47:54.317702,1,13.1,930.5,23.4,70.7,300.0,23.1,78.9,1006.9,1.4,No rain expected,0,0,85.3
2026-03-14T00:47:54.317702,1,14.3,959.0,22.7,73.5,300.2,24.2,83.9,1005.8,1.1,No rain expected,0,0,82.9
2026-03-14T01:47:54.317702,1,13.3,962.1,22.3,71.3,305.2,23.6,85.9,1006.7,1.1,No rain expected,0,0,83.4
2026-03-14T02:47:54.317702,1,14.1,977.2,22.0,73.2,308.6,22.8,80.8,1007.0,1.1,No rain expected,0,0,82.5
2026-03-14T03:47:54.317702,1,12.6,926.0,22.9,71.5,305.3,22.6,80.0,1008.1,1.6,No rain expected,0,0,85.6
2026-03-14T04:47:54.317702,1,11.7,933.2,22.3,66.7,294.4,23.0,78.0,1008.2,3.0,No rain expected,0,0,86.1
2026-03-14T05:47:54.317702,1,14.3,972.5,22.8,73.5,290.8,24.5,81.8,1008.4,2.9,Rain expected,0,0,82.9
2026-03-14T06:47:54.317702,1,12.4,928.3,23.2,66.0,308.7,26.4,75.1,1009.2,4.1,No rain expected,0,0,84.2
2026-03-14T07:47:54.317702,1,11.7,914.7,23.9,65.9,310.9,26.6,73.6,1009.2,3.5,No rain expected,0,0,84.0
2026-03-14T08:47:54.317702,1,12.5,945.4,24.0,64.2,307.8,29.3,73.7,1010.4,3.5,No rain expected,0,0,81.3
2026-03-14T09:47:54.317702,1,11.8,909.8,24.6,63.5,299.6,29.1,67.7,1009.2,2.9,No rain expected,0,0,82.0
2026-03-14T10:47:54.317702,1,12.6,953.7,24.9,60.2,297.8,31.2,60.2,1009.8,2.2,No rain expected,0,0,80.2
2026-03-14T11:47:54.317702,1,11.4,918.7,25.4,63.1,311.2,31.2,62.6,1010.3,1.8,No rain expected,0,0,79.5
2026-03-14T12:47:54.317702,1,11.5,918.0,26.3,59.9,298.1,33.1,59.5,1010.0,1.6,No rain expected,0,0,78.2
2026-03-14T13:47:54.317702,1,11.7,941.1,26.4,59.3,294.1,31.8,59.9,1010.2,1.3,No rain expected,0,0,79.1
2026-03-14T14:47:54.317702,1,12.0,931.9,26.1,61.6,300.1,32.8,58.8,1010.7,0.7,No rain expected,0,0,77.9
2026-03-14T15:47:54.317702,1,11.4,918.0,27.1,58.8,293.8,33.0,60.5,1010.6,2.0,No rain expected,0,0,77.7
2026-03-14T16:47:54.317702,1,11.7,942.7,26.5,58.9,304.4,33.8,52.8,1010.9,2.6,No rain expected,0,0,76.8
2026-03-14T17:47:54.317702,1,12.8,945.3,25.5,62.6,311.6,30.8,60.9,1010.2,2.9,No rain expected,0,0,79.4
2026-03-14T18:47:54.317702,1,12.2,925.1,24.3,63.5,290.9,29.6,63.8,1011.7,3.8,No rain expected,0,0,81.5
2026-03-14T19:47:54.317702,1,11.7,921.6,24.2,65.1,314.7,27.9,66.9,1010.5,3.8,No rain expected,0,0,82.7
2026-03-14T20:47:54.317702,1,11.2,920.1,24.0,68.7,313.0,27.4,73.9,1010.5,4.0,No rain expected,0,0,82.4
2026-03-14T21:47:54.317702,1,11.9,939.7,23.9,68.4,294.1,27.8,78.3,1011.3,3.4,No rain expected,0,0,82.0
2026-03-14T22:47:54.317702,1,11.5,922.4,23.5,68.4,296.3,24.3,75.1,1010.9,2.7,No rain expected,0,0,85.9
2026-03-14T23:47:54.317702,1,13.6,944.0,22.9,70.8,302.9,25.1,79.4,1009.2,2.1,No rain expected,0,0,83.6
2026-03-15T00:47:54.317702,1,13.7,968.0,23.1,72.8,299.4,24.5,82.6,1009.0,1.2,No rain expected,0,0,83.6
2026-03-15T01:47:54.317702,1,15.2,984.6,22.7,72.7,296.9,23.7,82.2,1008.3,1.1,Rain expected,0,0,83.2
2026-03-15T02:47:54.317702,1,13.8,953.4,22.1,73.0,293.5,24.0,84.4,1008.1,1.0,Rain expected,0,0,82.0
2026-03-15T03:47:54.317702,1,12.9,939.6,22.1,69.2,297.8,24.1,79.6,1009.0,1.5,No rain expected,0,0,83.3
2026-03-15T04:47:54.317702,1,16.3,983.1,22.5,75.0,314.0,23.6,85.0,1008.2,2.2,No rain expected,0,0,81.6
2026-03-15T05:47:54.317702,1,13.0,940.8,22.7,68.9,287.3,25.5,76.6,1006.8,3.5,No rain expected,0,0,83.6
2026-03-15T06:47:54.317702,1,14.0,974.7,22.8,72.8,292.7,25.9,80.6,1006.8,4.3,No rain expected,0,0,81.7
2026-03-15T07:47:54.317702,1,12.3,941.7,23.1,67.6,294.4,26.6,69.7,1007.3,4.0,No rain expected,0,0,83.7
2026-03-15T08:47:54.317702,1,11.1,900.4,24.2,64.2,300.4,28.0,70.9,1005.7,3.7,No rain expected,0,0,83.3
2026-03-15T09:47:54.317702,1,11.5,902.7,24.2,58.1,286.1,29.6,61.6,1005.4,3.5,No rain expected,0,0,82.4
2026-03-15T10:47:54.317702,1,12.5,934.5,25.4,62.7,301.3,30.6,67.1,1006.6,2.8,No rain expected,0,0,79.9
2026-03-15T11:47:54.317702,1,11.3,924.0,25.1,59.0,300.5,30.3,54.4,1005.8,1.9,No rain expected,0,0,81.3
2026-03-15T12:47:54.317702,1,11.6,913.7,26.5,58.6,308.6,33.7,54.4,1005.6,1.4,No rain expected,0,0,77.0
2026-03-15T13:47:54.317702,1,11.7,926.8,27.3,56.4,290.7,33.8,52.4,1005.7,0.7,No rain expected,0,0,75.9
2026-03-15T14:47:54.317702,1,12.4,935.3,26.5,55.9,312.8,31.7,53.5,1004.6,1.0,No rain expected,0,0,77.8
2026-03-15T15:47:54.317702,1,11.5,910.2,27.1,52.7,306.4,34.3,50.5,1004.3,1.4,No rain expected,0,0,74.4
2026-03-15T16:47:54.317702,1,12.1,946.8,26.1,58.5,298.5,31.6,59.1,1005.1,2.2,No rain expected,0,0,79.0
2026-03-15T17:47:54.317702,1,12.7,940.1,26.0,60.1,292.9,31.9,63.7,1005.0,3.5,No rain expected,0,0,79.1
2026-03-15T18:47:54.317702,1,11.4,910.3,25.4,60.1,288.8,31.5,65.6,1004.3,4.1,No rain expected,0,0,80.4
2026-03-15T19:47:54.317702,1,11.0,909.7,24.3,63.6,296.2,30.7,65.1,1005.9,3.7,No rain expected,0,0,80.8
2026-03-15T20:47:54.317702,1,13.0,925.0,23.7,65.9,310.4,28.3,70.4,1006.2,4.2,No rain expected,0,0,81.9
2026-03-15T21:47:54.317702,1,11.2,911.5,24.0,67.0,302.2,27.1,74.4,1006.0,3.1,No rain expected,0,0,83.4
2026-03-15T22:47:54.317702,1,12.3,944.0,23.1,69.2,312.4,24.4,81.4,1006.6,2.2,No rain expected,0,0,85.2
2026-03-15T23:47:54.317702,1,12.0,912.7,23.3,70.9,302.9,24.0,77.1,1005.7,1.9,No rain expected,0,0,85.4
2026-03-16T00:47:54.317702,1,13.9,977.4,23.1,72.7,293.8,23.1,87.7,1005.7,1.7,No rain expected,0,0,85.0
2026-03-16T01:47:54.317702,1,12.8,947.7,22.7,70.1,304.5,22.7,85.6,1007.1,1.1,Rain expected,0,0,85.9
2026-03-16T02:47:54.317702,1,12.1,933.6,22.0,71.1,307.1,22.2,81.9,1008.1,1.5,Rain expected,0,0,84.6
2026-03-16T03:47:54.317702,1,12.6,951.8,23.0,69.4,291.1,24.3,81.4,1008.5,1.3,No rain expected,0,0,85.4
2026-03-16T04:47:54.317702,1,12.1,925.1,22.8,68.0,313.3,24.5,79.9,1008.8,2.5,No rain expected,0,0,85.2
2026-03-16T05:47:54.317702,1,12.6,946.5,22.6,70.6,303.8,23.3,77.2,1008.9,3.5,No rain expected,0,0,84.9
2026-03-16T06:47:54.317702,1,12.1,911.6,23.5,67.1,304.8,25.1,75.2,1008.6,3.6,No rain expected,0,0,85.3
2026-03-16T07:47:54.317702,1,11.8,912.3,23.4,65.0,311.0,27.4,72.8,1009.2,3.7,No rain expected,0,0,83.7
2026-03-16T08:47:54.317702,1,11.5,920.3,24.5,66.2,301.5,28.5,71.6,1010.0,3.9,No rain expected,0,0,81.8
2026-03-16T09:47:54.317702,1,11.1,936.1,24.2,67.0,313.8,28.6,68.1,1009.2,3.2,No rain expected,0,0,81.5
2026-03-16T10:47:54.317702,1,12.4,938.1,24.8,61.2,312.1,29.3,67.2,1011.0,2.3,No rain expected,0,0,81.9
2026-03-16T11:47:54.317702,1,12.6,957.5,25.5,59.7,288.5,32.1,59.5,1010.6,2.2,No rain expected,0,0,79.1
2026-03-16T12:47:54.317702,1,11.6,932.3,26.8,58.7,302.0,32.8,60.8,1010.9,0.7,No rain expected,0,0,77.7
2026-03-16T13:47:54.317702,1,11.6,921.6,26.5,59.4,300.6,32.2,53.7,1011.5,1.2,No rain expected,0,0,78.8
2026-03-16T14:47:54.317702,1,12.1,947.9,27.3,55.1,287.5,33.9,52.3,1011.1,0.9,No rain expected,0,0,75.2
2026-03-16T15:47:54.317702,1,11.4,908.7,26.7,55.5,303.9,33.1,55.4,1010.0,1.6,No rain expected,0,0,76.7
2026-03-16T16:47:54.317702,1,11.9,947.0,26.5,57.9,306.7,32.0,53.5,1011.4,2.2,No rain expected,0,0,78.2
2026-03-16T17:47:54.317702,1,11.1,914.4,25.8,59.6,313.5,31.4,59.4,1010.8,3.5,No rain expected,0,0,80.0
2026-03-16T18:47:54.317702,1,12.0,933.3,25.2,60.4,289.0,30.3,62.9,1010.3,3.8,No rain expected,0,0,81.3
2026-03-16T19:47:54.317702,1,11.8,935.3,24.4,63.4,310.6,29.4,70.1,1011.2,4.0,No rain expected,0,0,81.5
2026-03-16T20:47:54.317702,1,12.6,925.1,23.5,61.5,303.8,29.1,65.7,1009.6,3.9,No rain expected,0,0,82.7
2026-03-16T21:47:54.317702,1,12.6,954.8,23.7,66.2,313.1,27.4,70.1,1010.2,3.7,No rain expected,0,0,82.7
2026-03-16T22:47:54.317702,1,11.7,915.2,22.8,69.0,288.3,25.5,81.7,1010.7,2.4,No rain expected,0,0,84.4
2026-03-16T23:47:54.317702,1,13.8,954.5,22.6,71.8,299.9,24.4,83.5,1010.5,1.6,No rain expected,0,0,83.1
2026-03-17T00:47:54.317702,1,12.9,960.1,22.9,67.7,303.9,23.0,78.2,1010.0,0.9,No rain expected,0,0,86.7
2026-03-17T01:47:54.317702,1,12.3,918.8,22.4,69.0,287.0,22.3,80.5,1008.6,1.0,No rain expected,0,0,86.2
2026-03-17T02:47:54.317702,1,16.6,998.7,22.3,75.6,288.3,24.2,89.4,1008.6,0.8,No rain expected,0,0,80.5
2026-03-17T03:47:54.317702,1,13.5,959.0,22.5,72.1,290.8,24.1,87.9,1009.3,1.6,No rain expected,0,0,83.3
2026-03-17T04:47:54.317702,1,15.2,969.7,23.1,73.0,313.3,24.5,81.8,1007.3,2.3,Rain expected,0,0,82.9
2026-03-17T05:47:54.317702,1,13.8,974.2,23.0,71.0,306.5,23.4,79.2,1007.3,3.3,No rain expected,0,0,85.2
2026-03-17T06:47:54.317702,1,12.3,940.9,23.1,69.2,286.2,24.1,79.2,1008.0,3.5,No rain expected,0,0,85.8
2026-03-17T07:47:54.317702,1,12.3,918.6,23.1,68.9,314.6,27.7,77.4,1006.7,3.7,No rain expected,0,0,82.1
2026-03-17T08:47:54.317702,1,12.1,935.8,24.0,67.9,287.5,26.5,73.9,1006.6,4.0,No rain expected,0,0,83.5
2026-03-17T09:47:54.317702,1,11.7,934.2,24.8,62.8,307.7,28.8,69.6,1005.9,3.1,No rain expected,0,0,82.2
2026-03-17T10:47:54.317702,1,11.4,937.1,24.4,62.6,305.5,29.4,66.2,1005.2,2.1,No rain expected,0,0,81.9
2026-03-17T11:47:54.317702,1,12.7,959.7,25.2,61.5,294.0,30.7,61.9,1005.9,1.7,No rain expected,0,0,80.2
2026-03-17T12:47:54.317702,1,12.7,928.6,26.1,62.7,300.4,31.3,61.5,1005.5,0.9,No rain expected,0,0,78.9
2026-03-17T13:47:54.317702,1,11.3,921.9,27.5,60.7,285.6,34.1,58.3,1004.6,1.1,No rain expected,0,0,76.6
2026-03-17T14:47:54.317702,1,12.7,927.6,26.5,56.7,311.5,33.2,56.0,1004.9,1.6,No rain expected,0,0,76.5
2026-03-17T15:47:54.317702,1,11.4,912.4,27.2,58.5,314.7,33.9,58.4,1005.6,1.5,No rain expected,0,0,76.4
2026-03-17T16:47:54.317702,1,11.0,927.9,26.8,57.7,296.5,33.0,59.1,1004.4,2.6,No rain expected,0,0,77.5
2026-03-17T17:47:54.317702,1,12.9,940.0,26.2,57.5,288.6,32.7,55.0,1005.6,2.9,No rain expected,0,0,77.5
2026-03-17T18:47:54.317702,1,12.9,956.9,24.9,61.1,288.8,29.3,58.0,1005.5,3.5,No rain expected,0,0,81.9
2026-03-17T19:47:54.317702,1,12.7,950.6,24.5,61.2,291.3,29.4,63.1,1005.4,4.0,No rain expected,0,0,82.0
2026-03-17T20:47:54.317702,1,11.4,936.1,23.9,63.4,305.5,27.6,69.3,1006.1,4.0,No rain expected,0,0,83.8
2026-03-17T21:47:54.317702,1,12.8,922.3,23.8,69.5,289.8,28.1,76.2,1005.8,3.2,No rain expected,0,0,81.3
2026-03-17T22:47:54.317702,1,15.4,972.4,22.9,73.3,298.9,25.1,81.1,1006.8,2.0,Rain expected,0,0,82.2
2026-03-17T23:47:54.317702,1,13.0,928.4,22.5,71.4,309.4,23.2,78.4,1005.3,1.3,No rain expected,0,0,84.5
2026-03-18T00:47:54.317702,1,14.3,970.0,22.9,71.9,299.8,25.1,83.9,1005.9,1.1,No rain expected,0,0,82.9
2026-03-18T01:47:54.317702,1,14.4,977.6,22.6,73.5,307.5,24.4,83.7,1006.6,1.2,Rain expected,0,0,82.2
2026-03-18T02:47:54.317702,1,12.8,948.6,22.0,69.1,302.8,24.3,82.9,1007.6,1.5,No rain expected,0,0,82.8
2026-03-18T03:47:54.317702,1,15.2,961.5,22.7,75.2,290.2,24.4,87.7,1008.2,1.3,No rain expected,0,0,82.0
2026-03-18T04:47:54.317702,1,14.3,958.3,22.4,72.3,291.7,24.5,78.6,1008.0,2.7,No rain expected,0,0,82.3
2026-03-18T05:47:54.317702,1,11.9,910.1,23.0,69.2,289.2,24.2,79.2,1008.5,3.5,No rain expected,0,0,86.1
2026-03-18T06:47:54.317702,1,12.5,928.8,23.6,66.7,299.6,24.4,75.6,1009.0,4.2,No rain expected,0,0,85.9
2026-03-18T07:47:54.317702,1,12.4,951.0,23.5,69.3,313.6,27.8,73.1,1008.3,3.5,No rain expected,0,0,81.5
2026-03-18T08:47:54.317702,1,11.9,918.6,24.2,68.5,314.4,27.1,74.8,1009.1,4.2,No rain expected,0,0,82.4
2026-03-18T09:47:54.317702,1,12.8,924.4,24.5,64.6,292.9,30.0,63.3,1010.7,3.1,No rain expected,0,0,80.5
2026-03-18T10:47:54.317702,1,11.4,938.3,24.4,59.1,299.1,29.7,60.5,1010.4,2.3,No rain expected,0,0,82.2
2026-03-18T11:47:54.317702,1,12.9,942.3,25.6,57.0,300.3,30.8,54.5,1010.3,2.2,No rain expected,0,0,79.4
2026-03-18T12:47:54.317702,1,11.3,905.6,26.9,57.8,287.4,32.7,59.6,1010.7,1.5,No rain expected,0,0,77.9
2026-03-18T13:47:54.317702,1,12.4,939.7,27.1,54.8,293.8,33.3,54.5,1011.5,1.2,No rain expected,0,0,75.7
2026-03-18T14:47:54.317702,1,11.5,923.6,27.4,57.5,312.9,33.8,56.3,1010.2,1.4,No rain expected,0,0,76.0
2026-03-18T15:47:54.317702,1,11.8,932.9,26.5,60.7,304.8,33.6,59.1,1011.3,1.7,No rain expected,0,0,77.2
2026-03-18T16:47:54.317702,1,11.1,910.3,26.7,57.0,310.8,33.3,56.9,1010.7,2.5,No rain expected,0,0,76.9
2026-03-18T17:47:54.317702,1,12.7,930.4,26.1,57.3,309.3,31.8,60.1,1010.2,3.6,No rain expected,0,0,78.3
2026-03-18T18:47:54.317702,1,12.3,935.5,25.0,57.0,304.3,30.5,59.7,1011.6,3.7,No rain expected,0,0,80.2
2026-03-18T19:47:54.317702,1,12.9,936.3,24.0,60.0,285.8,29.0,65.3,1010.5,3.6,No rain expected,0,0,83.1
2026-03-18T20:47:54.317702,1,12.8,927.3,24.0,63.1,296.0,27.9,67.3,1010.5,3.9,No rain expected,0,0,83.2
2026-03-18T21:47:54.317702,1,11.8,929.7,23.6,66.1,297.2,27.0,70.9,1010.8,3.6,No rain expected,0,0,83.7
2026-03-18T22:47:54.317702,1,11.9,930.7,23.5,70.5,287.5,25.0,79.0,1010.9,2.3,No rain expected,0,0,84.5
2026-03-18T23:47:54.317702,1,12.5,923.0,23.3,67.3,292.1,25.2,78.5,1009.2,1.6,No rain expected,0,0,85.2
2026-03-19T00:47:54.317702,1,12.3,946.2,23.1,68.8,303.1,24.2,79.4,1010.1,0.8,No rain expected,0,0,85.6
2026-03-19T01:47:54.317702,1,16.7,983.2,22.4,75.1,306.2,23.2,89.1,1008.7,1.0,No rain expected,0,0,81.7
2026-03-19T02:47:54.317702,1,14.2,977.9,22.7,71.7,288.1,21.7,87.6,1009.3,1.5,No rain expected,0,0,84.0
2026-03-19T03:47:54.317702,1,13.5,949.0,22.3,71.5,304.5,24.5,84.1,1009.0,1.7,No rain expected,0,0,82.4
2026-03-19T04:47:54.317702,1,13.3,950.0,22.3,70.7,289.4,24.8,83.7,1008.4,2.5,No rain expected,0,0,82.6
2026-03-19T05:47:54.317702,1,12.0,912.4,22.6,71.0,311.3,24.1,80.1,1007.9,2.9,Rain expected,0,0,84.3
2026-03-19T06:47:54.317702,1,13.0,941.9,23.1,66.0,314.0,25.6,73.8,1007.2,3.8,No rain expected,0,0,84.8
2026-03-19T07:47:54.317702,1,11.1,934.3,23.9,66.8,288.1,26.8,71.1,1006.8,3.8,No rain expected,0,0,83.8
2026-03-19T08:47:54.317702,1,12.9,951.1,24.0,63.4,301.2,29.1,65.3,1006.2,4.0,No rain expected,0,0,81.7
2026-03-19T09:47:54.317702,1,12.3,937.4,23.9,62.0,287.7,28.2,65.3,1006.4,3.0,No rain expected,0,0,83.5
2026-03-19T10:47:54.317702,1,11.5,936.0,25.5,61.2,312.7,31.0,60.9,1006.7,2.3,No rain expected,0,0,80.1
2026-03-19T11:47:54.317702,1,12.0,936.6,25.6,59.5,306.5,31.1,57.7,1004.7,2.1,No rain expected,0,0,80.1
2026-03-19T12:47:54.317702,1,11.2,921.8,26.3,54.0,306.2,33.0,52.6,1005.7,0.9,No rain expected,0,0,76.5
2026-03-19T13:47:54.317702,1,11.5,921.0,26.7,54.4,296.3,32.0,54.4,1005.4,1.2,No rain expected,0,0,77.5
2026-03-19T14:47:54.317702,1,11.6,923.3,27.2,57.5,286.2,33.5,54.3,1004.4,1.0,No rain expected,0,0,76.7
2026-03-19T15:47:54.317702,1,12.1,932.1,25.7,58.3,291.1,31.4,60.5,1005.1,1.3,No rain expected,0,0,79.5
2026-03-19T16:47:54.317702,1,11.9,939.1,25.6,56.0,310.3,31.4,56.1,1005.1,3.0,No rain expected,0,0,78.7
2026-03-19T17:47:54.317702,1,11.1,901.9,25.9,57.3,298.3,31.0,59.4,1004.6,3.2,No rain expected,0,0,79.9
2026-03-19T18:47:54.317702,1,12.5,944.0,24.3,61.8,299.5,30.0,66.4,1005.1,4.1,No rain expected,0,0,81.3
2026-03-19T19:47:54.317702,1,11.8,934.9,24.3,64.0,307.7,28.7,66.0,1004.6,3.9,No rain expected,0,0,82.1
2026-03-19T20:47:54.317702,1,11.4,918.7,24.1,66.8,297.4,27.2,72.7,1004.4,3.9,No rain expected,0,0,83.2
2026-03-19T21:47:54.317702,1,11.8,923.8,23.4,70.0,314.3,25.2,75.5,1004.7,3.4,No rain expected,0,0,84.3
2026-03-19T22:47:54.317702,1,12.0,939.6,23.2,67.3,306.5,25.2,73.6,1005.1,2.9,No rain expected,0,0,85.1
2026-03-19T23:47:54.317702,1,11.3,932.9,23.0,66.9,307.6,24.6,76.4,1005.7,1.9,No rain expected,0,0,86.2
2026-03-20T00:47:54.317702,1,17.3,1025.5,22.6,76.0,299.9,24.1,86.7,1006.1,0.8,No rain expected,0,0,80.7
2026-03-20T01:47:54.317702,1,12.2,930.9,22.4,69.3,303.3,22.0,80.8,1007.3,1.4,Rain expected,0,0,85.5
2026-03-20T02:47:54.317702,1,12.5,956.2,22.9,69.0,307.4,22.3,82.0,1007.1,0.7,Rain expected,0,0,85.9
2026-03-20T03:47:54.317702,1,12.0,936.8,22.3,68.6,294.2,22.9,79.6,1007.7,2.2,No rain expected,0,0,85.5
2026-03-20T04:47:54.317702,1,12.8,936.4,23.2,70.0,286.7,22.3,84.4,1008.7,2.8,No rain expected,0,0,85.4
2026-03-20T05:47:54.317702,1,13.3,955.6,22.8,71.0,312.3,23.9,76.0,1009.3,3.0,No rain expected,0,0,84.4
2026-03-20T06:47:54.317702,1,13.0,947.1,23.6,67.7,298.7,25.8,80.4,1007.9,4.0,No rain expected,0,0,83.9
2026-03-20T07:47:54.317702,1,11.7,937.7,23.3,70.4,293.5,25.3,77.0,1009.3,4.3,No rain expected,0,0,84.3
2026-03-20T08:47:54.317702,1,12.6,935.9,23.7,64.7,294.0,28.6,68.8,1010.3,3.3,No rain expected,0,0,82.2
2026-03-20T09:47:54.317702,1,12.8,949.2,24.0,66.3,308.0,30.1,70.5,1008.9,3.5,No rain expected,0,0,79.8
2026-03-20T10:47:54.317702,1,12.0,924.5,24.5,65.0,301.7,30.1,65.1,1009.2,2.4,No rain expected,0,0,80.4
2026-03-20T11:47:54.317702,1,13.0,927.0,25.3,60.9,313.5,30.1,64.3,1010.0,1.7,No rain expected,0,0,80.8
2026-03-20T12:47:54.317702,1,11.4,922.9,26.0,59.9,301.7,32.3,55.4,1010.5,1.6,No rain expected,0,0,79.1
2026-03-20T13:47:54.317702,1,11.7,940.0,25.8,61.7,289.9,31.4,59.7,1010.7,1.2,No rain expected,0,0,79.6
2026-03-20T14:47:54.317702,1,11.8,922.6,25.9,57.7,307.0,32.2,51.6,1010.9,1.6,No rain expected,0,0,78.4
2026-03-20T15:47:54.317702,1,11.3,936.6,26.1,57.1,298.7,32.7,58.8,1010.0,1.4,No rain expected,0,0,77.8
2026-03-20T16:47:54.317702,1,12.8,936.8,25.9,63.6,304.8,32.0,62.0,1010.2,2.8,No rain expected,0,0,77.9
2026-03-20T17:47:54.317702,1,12.0,941.1,25.8,63.8,290.7,32.1,63.2,1010.8,2.9,No rain expected,0,0,78.1
2026-03-20T18:47:54.317702,1,11.5,916.3,24.8,59.5,304.8,31.1,57.8,1010.9,4.2,No rain expected,0,0,80.8
2026-03-20T19:47:54.317702,1,11.8,915.9,25.0,61.7,297.3,30.3,65.0,1009.9,3.8,No rain expected,0,0,81.1
2026-03-20T20:47:54.317702,1,12.9,925.0,24.1,62.8,295.3,28.1,70.0,1010.1,4.3,No rain expected,0,0,83.1
2026-03-20T21:47:54.317702,1,11.5,907.7,23.5,65.7,288.2,26.3,76.5,1010.4,3.5,No rain expected,0,0,84.9
2026-03-20T22:47:54.317702,1,12.9,947.4,23.0,70.2,302.0,24.2,76.8,1010.6,2.9,No rain expected,0,0,85.1
2026-03-20T23:47:54.317702,1,11.5,937.0,23.3,70.1,294.5,23.3,79.0,1009.7,2.2,No rain expected,0,0,86.4
2026-03-21T00:47:54.317702,1,11.1,927.2,22.3,69.5,291.3,22.7,78.3,1010.1,1.1,No rain expected,0,0,85.8
2026-03-21T01:47:54.317702,1,14.8,959.5,22.9,73.3,304.1,23.3,84.3,1008.6,0.9,No rain expected,0,0,84.1
2026-03-21T02:47:54.317702,1,11.8,944.9,22.9,69.3,313.2,22.3,82.2,1009.6,0.9,No rain expected,0,0,86.0
2026-03-21T03:47:54.317702,1,15.1,974.7,22.4,73.8,308.5,24.6,88.4,1008.2,1.5,No rain expected,0,0,81.2
2026-03-21T04:47:54.317702,1,12.5,929.5,22.9,70.7,308.9,24.3,78.9,1008.5,2.4,No rain expected,0,0,84.7
2026-03-21T05:47:54.317702,1,11.3,921.4,23.3,70.1,295.4,23.9,76.1,1007.4,2.9,No rain expected,0,0,86.0
2026-03-21T06:47:54.317702,1,12.9,929.6,23.0,66.0,309.8,25.5,75.1,1007.7,4.1,No rain expected,0,0,85.1
2026-03-21T07:47:54.317702,1,12.1,940.0,23.3,65.0,314.4,26.0,69.9,1006.6,3.9,No rain expected,0,0,84.8
2026-03-21T08:47:54.317702,1,11.5,931.1,23.6,63.3,302.7,27.6,66.4,1006.2,4.2,No rain expected,0,0,84.0
2026-03-21T09:47:54.317702,1,11.6,914.5,24.3,63.6,313.5,30.2,67.1,1005.7,3.4,No rain expected,0,0,80.9
2026-03-21T10:47:54.317702,1,11.2,927.6,25.1,60.7,291.8,29.2,63.5,1005.5,2.6,No rain expected,0,0,82.6
2026-03-21T11:47:54.317702,1,12.9,944.8,25.7,60.0,303.2,31.8,56.0,1006.5,1.6,No rain expected,0,0,79.2
2026-03-21T12:47:54.317702,1,12.3,934.5,26.4,62.1,295.3,33.4,59.6,1006.3,0.9,No rain expected,0,0,77.0
2026-03-21T13:47:54.317702,1,12.4,937.6,26.9,59.7,314.0,33.2,54.2,1004.2,1.1,No rain expected,0,0,77.2
2026-03-21T14:47:54.317702,1,12.8,934.2,26.5,59.5,293.6,32.8,59.5,1004.4,1.0,No rain expected,0,0,77.9
2026-03-21T15:47:54.317702,1,11.5,941.0,27.5,60.1,302.6,33.9,60.2,1005.4,1.6,No rain expected,0,0,76.6
2026-03-21T16:47:54.317702,1,11.8,936.4,26.2,59.8,308.5,33.1,59.7,1004.4,2.9,No rain expected,0,0,77.9
2026-03-21T17:47:54.317702,1,12.2,949.3,26.1,55.1,303.0,32.5,55.3,1005.6,3.3,No rain expected,0,0,77.0
2026-03-21T18:47:54.317702,1,11.8,946.7,24.8,63.3,312.8,31.0,65.3,1004.7,3.9,No rain expected,0,0,79.7
2026-03-21T19:47:54.317702,1,13.0,949.4,24.4,61.2,291.6,28.0,61.8,1005.4,3.7,No rain expected,0,0,83.4
2026-03-21T20:47:54.317702,1,12.2,945.5,24.2,65.4,300.3,28.5,69.6,1005.1,3.6,No rain expected,0,0,81.9
2026-03-21T21:47:54.317702,1,11.1,917.5,23.2,66.3,287.8,25.5,73.6,1005.4,3.1,No rain expected,0,0,85.7
2026-03-21T22:47:54.317702,1,12.4,937.1,23.2,69.5,290.7,24.7,81.9,1005.1,2.2,No rain expected,0,0,85.0
2026-03-21T23:47:54.317702,1,14.4,985.7,23.0,72.8,308.3,25.2,85.3,1005.5,1.8,Rain expected,0,0,82.6
2026-03-22T00:47:54.317702,1,13.3,961.2,23.0,72.2,295.7,23.5,78.9,1006.5,1.4,No rain expected,0,0,85.1
2026-03-22T01:47:54.317702,1,13.9,972.6,22.4,73.2,289.5,23.5,82.1,1006.6,0.7,No rain expected,0,0,83.1
2026-03-22T02:47:54.317702,1,12.7,933.5,22.0,70.6,295.2,22.4,84.2,1006.4,1.4,No rain expected,0,0,84.5
2026-03-22T03:47:54.317702,1,14.9,982.3,22.8,73.9,306.4,22.0,85.9,1006.6,1.3,No rain expected,0,0,83.2
2026-03-22T04:47:54.317702,1,14.0,940.7,22.3,71.9,295.4,24.4,86.8,1007.6,2.6,No rain expected,0,0,82.4
2026-03-22T05:47:54.317702,1,14.1,978.2,22.6,72.3,304.6,24.8,83.4,1008.8,2.8,Rain expected,0,0,82.3
2026-03-22T06:47:54.317702,1,12.8,947.7,23.7,69.7,293.0,24.6,79.1,1008.6,4.2,No rain expected,0,0,84.6
2026-03-22T07:47:54.317702,1,12.8,931.1,23.7,68.0,304.3,26.2,77.3,1009.3,4.1,No rain expected,0,0,83.5
2026-03-22T08:47:54.317702,1,11.3,927.4,23.5,64.7,287.1,26.6,66.4,1009.7,3.4,No rain expected,0,0,84.9
2026-03-22T09:47:54.317702,1,12.2,933.5,24.2,61.0,289.1,30.3,61.7,1010.5,3.6,No rain expected,0,0,81.6
2026-03-22T10:47:54.317702,1,12.1,916.9,24.8,63.5,288.1,30.8,61.3,1010.8,2.4,No rain expected,0,0,80.2
2026-03-22T11:47:54.317702,1,11.7,906.0,25.9,63.4,299.1,31.8,61.1,1009.5,1.3,No rain expected,0,0,78.7
2026-03-22T12:47:54.317702,1,11.8,909.6,26.2,55.9,293.0,32.1,54.5,1010.9,1.4,No rain expected,0,0,78.1
2026-03-22T13:47:54.317702,1,12.6,943.4,26.7,57.1,302.5,32.6,56.7,1010.8,1.1,No rain expected,0,0,77.1
2026-03-22T14:47:54.317702,1,11.8,927.6,26.3,58.8,285.1,32.4,57.1,1010.5,1.0,No rain expected,0,0,78.6
2026-03-22T15:47:54.317702,1,12.0,935.8,26.9,59.9,307.3,33.1,55.4,1011.3,2.2,No rain expected,0,0,77.5
2026-03-22T16:47:54.317702,1,11.3,933.8,26.5,55.9,306.6,32.6,53.6,1011.0,2.6,No rain expected,0,0,77.3
2026-03-22T17:47:54.317702,1,12.3,918.7,26.2,60.7,286.2,32.3,61.1,1010.2,3.7,No rain expected,0,0,78.8
2026-03-22T18:47:54.317702,1,11.8,935.3,25.4,62.5,286.8,31.9,66.9,1010.5,4.1,No rain expected,0,0,79.1
2026-03-22T19:47:54.317702,1,12.4,935.4,24.5,60.0,306.9,28.0,65.2,1010.4,3.5,No rain expected,0,0,83.8
2026-03-22T20:47:54.317702,1,12.6,924.0,24.2,62.6,313.1,28.4,65.7,1010.3,3.5,No rain expected,0,0,82.7
2026-03-22T21:47:54.317702,1,11.6,921.4,23.1,65.6,298.5,26.0,73.3,1009.6,3.7,No rain expected,0,0,85.2
2026-03-22T22:47:54.317702,1,11.9,925.2,23.1,67.4,307.6,24.6,74.6,1010.4,2.4,No rain expected,0,0,85.8
2026-03-22T23:47:54.317702,1,11.8,940.8,23.3,70.7,303.4,25.8,82.7,1009.6,2.0,Rain expected,0,0,83.5
2026-03-23T00:47:54.317702,1,11.7,944.7,23.2,70.5,308.9,24.9,78.0,1009.9,1.0,No rain expected,0,0,84.5
2026-03-23T01:47:54.317702,1,13.1,933.8,22.8,72.2,312.5,23.6,82.5,1008.5,0.9,No rain expected,0,0,84.5
2026-03-23T02:47:54.317702,1,13.2,936.7,22.7,70.4,299.5,23.9,81.2,1007.9,1.6,No rain expected,0,0,84.6
2026-03-23T03:47:54.317702,1,11.3,904.0,22.9,69.2,311.0,21.8,83.2,1008.1,1.5,No rain expected,0,0,86.0
2026-03-23T04:47:54.317702,1,12.8,944.1,23.1,70.3,310.3,22.3,82.6,1008.9,2.1,No rain expected,0,0,85.3
2026-03-23T05:47:54.317702,1,12.1,919.7,22.7,68.2,306.7,25.1,80.5,1007.9,3.2,No rain expected,0,0,84.4
2026-03-23T06:47:54.317702,1,12.3,933.9,23.4,69.4,304.4,25.9,82.0,1006.5,3.7,No rain expected,0,0,83.7
2026-03-23T07:47:54.317702,1,11.9,924.3,23.5,68.3,304.5,26.1,73.3,1007.8,4.2,No rain expected,0,0,83.9
2026-03-23T08:47:54.317702,1,11.5,935.2,24.4,68.2,310.4,27.7,73.0,1007.4,3.9,No rain expected,0,0,81.9
2026-03-23T09:47:54.317702,1,11.2,907.5,24.5,66.2,306.8,28.6,69.4,1005.4,3.3,No rain expected,0,0,81.8
2026-03-23T10:47:54.317702,1,11.8,941.4,25.2,63.4,293.3,31.7,64.4,1005.9,2.9,No rain expected,0,0,79.0
2026-03-23T11:47:54.317702,1,12.0,949.7,25.9,58.7,291.7,31.1,56.1,1006.4,2.2,No rain expected,0,0,79.8
2026-03-23T12:47:54.317702,1,12.9,935.8,26.6,58.7,301.3,33.7,54.0,1006.1,1.1,No rain expected,0,0,76.5
2026-03-23T13:47:54.317702,1,12.1,941.8,26.3,54.7,296.8,33.0,54.3,1004.9,1.1,No rain expected,0,0,76.4
2026-03-23T14:47:54.317702,1,12.8,933.6,27.7,58.8,309.9,34.4,54.4,1005.1,0.7,No rain expected,0,0,75.3
2026-03-23T15:47:54.317702,1,12.4,954.9,26.5,57.3,314.2,33.4,58.6,1004.1,1.5,No rain expected,0,0,76.3
2026-03-23T16:47:54.317702,1,12.1,937.2,26.1,58.6,288.0,31.6,56.7,1005.7,2.3,No rain expected,0,0,79.2
2026-03-23T17:47:54.317702,1,11.4,918.5,26.2,56.8,292.9,32.4,55.7,1005.8,3.3,No rain expected,0,0,78.1
2026-03-23T18:47:54.317702,1,13.0,948.8,24.5,59.9,300.8,30.2,59.2,1004.2,3.5,No rain expected,0,0,81.3
2026-03-23T19:47:54.317702,1,12.1,929.6,24.9,64.7,294.8,29.5,68.3,1004.3,4.1,No rain expected,0,0,80.9
2026-03-23T20:47:54.317702,1,12.7,938.2,24.2,67.2,306.7,28.2,75.0,1006.2,4.1,No rain expected,0,0,81.4
2026-03-23T21:47:54.317702,1,11.7,942.5,23.7,69.2,309.6,26.9,75.0,1005.3,3.5,No rain expected,0,0,82.6
2026-03-23T22:47:54.317702,1,12.9,946.8,23.2,67.4,293.9,26.7,79.4,1006.4,2.2,No rain expected,0,0,83.4
2026-03-23T23:47:54.317702,1,12.6,943.5,22.6,70.0,301.5,23.7,83.8,1007.0,2.1,No rain expected,0,0,84.8
2026-03-24T00:47:54.317702,1,11.3,906.9,22.5,69.0,300.5,23.0,80.5,1005.8,1.1,No rain expected,0,0,86.1
2026-03-24T01:47:54.317702,1,13.7,957.9,22.1,72.7,289.7,22.4,89.1,1006.5,0.7,No rain expected,0,0,83.7
2026-03-24T02:47:54.317702,1,14.9,975.8,22.4,73.6,308.7,23.8,86.3,1006.6,1.0,No rain expected,0,0,82.1
2026-03-24T03:47:54.317702,1,15.6,969.1,22.2,73.7,311.6,22.4,84.1,1007.3,2.2,No rain expected,0,0,82.8
2026-03-24T04:47:54.317702,1,12.4,927.6,22.7,68.1,295.9,23.1,80.7,1008.3,2.3,No rain expected,0,0,86.4
2026-03-24T05:47:54.317702,1,13.1,961.3,23.0,70.9,297.9,24.3,82.5,1008.8,3.5,No rain expected,0,0,84.7
2026-03-24T06:47:54.317702,1,12.2,926.4,23.5,66.6,314.2,25.6,79.2,1008.0,4.1,No rain expected,0,0,84.7
2026-03-24T07:47:54.317702,1,12.8,926.8,23.1,67.1,294.5,26.5,72.3,1009.1,4.0,No rain expected,0,0,83.9
2026-03-24T08:47:54.317702,1,12.7,953.8,24.3,67.1,292.0,29.4,69.2,1010.5,4.1,No rain expected,0,0,80.3
2026-03-24T09:47:54.317702,1,11.5,925.9,24.8,64.4,287.9,30.5,65.7,1010.2,3.2,No rain expected,0,0,80.3
2026-03-24T10:47:54.317702,1,12.7,928.6,24.9,61.3,306.8,29.7,60.3,1010.3,2.4,No rain expected,0,0,81.4
2026-03-24T11:47:54.317702,1,12.9,946.3,26.5,58.7,304.7,32.7,58.5,1010.5,2.0,No rain expected,0,0,77.5
2026-03-24T12:47:54.317702,1,12.6,948.9,26.3,58.4,311.2,32.2,52.4,1011.1,1.4,No rain expected,0,0,78.0
2026-03-24T13:47:54.317702,1,12.2,921.5,26.7,54.4,302.8,32.1,54.5,1010.3,0.8,No rain expected,0,0,77.1
2026-03-24T14:47:54.317702,1,11.5,918.8,27.0,55.9,297.4,32.7,51.8,1011.5,1.4,No rain expected,0,0,77.1
2026-03-24T15:47:54.317702,1,11.5,928.2,26.1,59.6,311.5,31.8,59.4,1010.3,1.9,No rain expected,0,0,79.3
2026-03-24T16:47:54.317702,1,12.1,951.0,25.7,58.2,310.6,32.3,56.5,1011.9,2.7,No rain expected,0,0,78.3
2026-03-24T17:47:54.317702,1,12.8,925.0,25.6,59.9,287.7,30.4,55.5,1010.6,3.0,No rain expected,0,0,80.9
2026-03-24T18:47:54.317702,1,12.7,927.9,25.2,59.5,307.1,29.1,58.2,1011.7,4.0,No rain expected,0,0,82.1
2026-03-24T19:47:54.317702,1,11.4,939.9,24.4,62.3,295.4,28.7,70.5,1010.6,3.9,No rain expected,0,0,82.8
2026-03-24T20:47:54.317702,1,12.5,940.6,23.6,64.0,286.7,27.7,67.1,1010.4,3.5,No rain expected,0,0,83.5
2026-03-24T21:47:54.317702,1,12.6,946.6,23.7,71.9,305.3,26.5,78.4,1011.0,3.7,No rain expected,0,0,82.0
2026-03-24T22:47:54.317702,1,12.0,932.5,23.5,66.3,314.0,26.1,76.7,1010.2,2.9,No rain expected,0,0,84.3
2026-03-24T23:47:54.317702,1,14.2,977.3,23.1,72.3,285.9,25.6,81.1,1010.3,2.2,No rain expected,0,0,82.6
2026-03-25T00:47:54.317702,1,12.6,947.8,22.7,69.5,288.1,24.0,83.9,1009.5,0.9,No rain expected,0,0,85.0
2026-03-25T01:47:54.317702,1,12.7,922.9,22.7,70.1,287.3,23.8,83.2,1009.1,1.4,No rain expected,0,0,85.1
2026-03-25T02:47:54.317702,1,15.1,986.7,23.0,73.1,294.7,22.8,83.1,1009.7,1.6,No rain expected,0,0,84.4
2026-03-25T03:47:54.317702,1,12.6,951.0,22.2,70.1,306.7,22.4,85.6,1008.2,2.1,No rain expected,0,0,84.9
2026-03-25T04:47:54.317702,1,14.7,979.6,22.6,72.2,309.8,23.7,86.4,1007.4,2.6,No rain expected,0,0,83.2
2026-03-25T05:47:54.317702,1,11.8,937.7,23.4,70.8,311.2,23.7,77.9,1008.2,2.8,No rain expected,0,0,85.5
2026-03-25T06:47:54.317702,1,11.4,940.1,23.5,69.7,293.6,24.4,75.7,1007.4,3.5,No rain expected,0,0,85.4
2026-03-25T07:47:54.317702,1,12.1,921.4,23.4,66.0,312.2,26.1,70.5,1007.6,3.6,No rain expected,0,0,84.5
2026-03-25T08:47:54.317702,1,11.9,921.0,23.6,65.0,312.9,28.6,73.3,1007.0,3.6,No rain expected,0,0,82.3
2026-03-25T09:47:54.317702,1,12.3,948.4,23.9,62.0,303.3,29.0,66.5,1006.7,3.3,No rain expected,0,0,82.5
2026-03-25T10:47:54.317702,1,12.3,940.9,25.4,60.6,292.1,31.5,61.2,1005.9,2.9,No rain expected,0,0,79.8
2026-03-25T11:47:54.317702,1,11.5,936.9,25.3,59.7,305.2,31.0,56.9,1005.6,2.1,No rain expected,0,0,80.6
2026-03-25T12:47:54.317702,1,11.8,913.5,26.0,55.6,298.0,32.9,56.0,1006.3,0.9,No rain expected,0,0,77.2
2026-03-25T13:47:54.317702,1,11.2,928.1,26.9,56.1,302.3,32.7,55.5,1005.0,1.1,No rain expected,0,0,77.1
2026-03-25T14:47:54.317702,1,11.8,937.1,27.1,59.5,294.7,33.9,57.4,1005.0,1.1,No rain expected,0,0,76.7
2026-03-25T15:47:54.317702,1,11.9,945.4,26.4,57.2,310.4,32.3,52.6,1005.2,1.6,No rain expected,0,0,77.7
2026-03-25T16:47:54.317702,1,11.3,911.5,26.9,58.8,302.5,33.1,56.1,1005.4,2.2,No rain expected,0,0,77.6
2026-03-25T17:47:54.317702,1,11.4,915.4,25.3,56.3,314.5,31.7,56.8,1005.1,3.7,No rain expected,0,0,78.9
2026-03-25T18:47:54.317702,1,11.7,918.9,25.6,60.6,286.9,31.8,62.4,1004.9,3.9,No rain expected,0,0,79.8
2026-03-25T19:47:54.317702,1,11.9,930.7,23.9,60.6,292.6,28.2,65.1,1005.7,3.7,No rain expected,0,0,84.0
2026-03-25T20:47:54.317702,1,13.0,936.2,24.3,63.0,298.2,28.6,65.9,1006.3,3.7,No rain expected,0,0,82.3
2026-03-25T21:47:54.317702,1,11.9,927.6,23.9,69.2,290.5,27.7,77.1,1005.0,3.4,No rain expected,0,0,82.0
2026-03-25T22:47:54.317702,1,12.8,955.4,23.6,68.0,292.1,25.2,80.7,1005.4,2.8,No rain expected,0,0,84.6
2026-03-25T23:47:54.317702,1,12.1,946.7,23.1,70.0,300.7,23.5,79.2,1006.5,1.6,No rain expected,0,0,86.1
2026-03-26T00:47:54.317702,1,14.8,953.4,23.1,74.5,303.7,24.3,87.3,1005.5,0.9,No rain expected,0,0,83.0
2026-03-26T01:47:54.317702,1,15.6,981.0,23.0,75.2,293.2,24.4,85.3,1007.5,1.1,No rain expected,0,0,82.5
2026-03-26T02:47:54.317702,1,14.1,953.4,22.0,73.1,313.7,22.7,82.6,1007.8,1.1,No rain expected,0,0,82.7
2026-03-26T03:47:54.317702,1,11.3,913.6,23.0,69.8,307.1,23.1,80.5,1007.9,1.3,No rain expected,0,0,86.9
2026-03-26T04:47:54.317702,1,12.9,955.4,22.8,70.4,285.7,22.4,84.1,1008.8,2.2,No rain expected,0,0,85.7
2026-03-26T05:47:54.317702,1,11.6,919.3,22.8,69.2,306.4,25.0,84.3,1008.0,3.7,No rain expected,0,0,84.6
2026-03-26T06:47:54.317702,1,11.7,933.7,23.1,70.3,297.4,24.6,75.9,1008.5,4.1,No rain expected,0,0,85.1
2026-03-26T07:47:54.317702,1,13.0,961.8,23.2,69.5,309.6,25.8,76.9,1009.8,3.6,No rain expected,0,0,83.4
2026-03-26T08:47:54.317702,1,11.7,917.4,24.2,65.6,286.3,28.2,72.6,1010.2,3.8,No rain expected,0,0,82.6
2026-03-26T09:47:54.317702,1,12.1,918.4,25.0,64.8,289.5,30.4,67.3,1010.2,3.5,No rain expected,0,0,80.1
2026-03-26T10:47:54.317702,1,12.7,952.0,24.6,60.8,300.8,30.6,58.8,1009.3,2.6,No rain expected,0,0,80.8
2026-03-26T11:47:54.317702,1,12.8,928.2,25.9,59.8,296.6,31.7,56.1,1010.6,1.9,No rain expected,0,0,79.3
2026-03-26T12:47:54.317702,1,11.9,936.1,25.6,58.8,305.2,31.8,57.3,1010.5,1.2,No rain expected,0,0,79.2
2026-03-26T13:47:54.317702,1,12.8,942.9,26.4,52.5,287.2,33.0,51.0,1011.7,0.6,No rain expected,0,0,75.6
2026-03-26T14:47:54.317702,1,11.2,918.7,25.9,57.6,299.5,32.1,53.7,1011.7,1.4,No rain expected,0,0,78.8
2026-03-26T15:47:54.317702,1,11.9,920.6,26.6,54.2,293.6,32.5,52.4,1011.4,1.7,No rain expected,0,0,76.9
2026-03-26T16:47:54.317702,1,12.6,946.0,25.4,59.1,314.8,31.2,57.3,1010.2,2.9,No rain expected,0,0,79.6
2026-03-26T17:47:54.317702,1,12.3,945.6,25.3,59.9,291.6,31.6,58.2,1011.5,3.7,No rain expected,0,0,79.9
2026-03-26T18:47:54.317702,1,11.2,921.6,25.4,60.7,292.1,31.2,64.0,1011.1,4.1,No rain expected,0,0,80.5
2026-03-26T19:47:54.317702,1,11.9,941.7,24.3,60.9,294.2,28.2,62.3,1011.4,3.9,No rain expected,0,0,83.7
2026-03-26T20:47:54.317702,1,11.6,934.3,23.9,67.9,313.3,29.3,73.7,1009.8,4.1,No rain expected,0,0,80.6
2026-03-26T21:47:54.317702,1,12.4,930.2,24.0,69.4,297.7,26.8,77.0,1010.0,2.8,No rain expected,0,0,82.5
2026-03-26T22:47:54.317702,1,12.8,946.8,23.0,69.6,295.7,24.8,80.1,1009.8,2.2,No rain expected,0,0,84.8
2026-03-26T23:47:54.317702,1,12.0,933.4,23.4,71.2,287.1,26.0,85.1,1009.7,2.2,No rain expected,0,0,83.3
2026-03-27T00:47:54.317702,1,13.1,926.6,22.9,70.1,311.1,22.5,82.9,1009.5,1.5,No rain expected,0,0,85.7
2026-03-27T01:47:54.317702,1,17.0,1021.8,22.9,75.6,299.3,22.8,85.4,1010.0,1.0,Rain expected,0,0,82.8
2026-03-27T02:47:54.317702,1,16.3,999.6,22.9,74.8,295.2,23.6,85.8,1007.9,1.7,No rain expected,0,0,82.8
2026-03-27T03:47:54.317702,1,12.3,940.4,22.3,68.1,303.4,24.2,80.4,1008.5,1.8,No rain expected,0,0,84.2
2026-03-27T04:47:54.317702,1,13.4,962.8,23.0,72.5,289.0,22.6,86.1,1008.1,2.3,No rain expected,0,0,85.1
2026-03-27T05:47:54.317702,1,11.7,933.3,23.0,70.2,304.1,26.0,82.4,1007.2,3.0,Rain expected,0,0,83.7
2026-03-27T06:47:54.317702,1,11.9,945.7,23.0,70.8,311.8,24.1,76.4,1006.8,4.2,No rain expected,0,0,85.2
2026-03-27T07:47:54.317702,1,11.1,900.6,23.6,67.4,302.8,26.7,73.7,1006.9,4.5,No rain expected,0,0,83.9
2026-03-27T08:47:54.317702,1,12.3,939.1,23.8,68.6,293.0,29.1,74.8,1006.7,4.0,No rain expected,0,0,80.6
2026-03-27T09:47:54.317702,1,12.1,927.5,24.2,59.8,295.9,29.3,65.1,1006.1,3.7,No rain expected,0,0,82.8
2026-03-27T10:47:54.317702,1,11.6,938.1,25.7,63.2,310.9,31.9,63.4,1006.1,2.2,No rain expected,0,0,78.5
2026-03-27T11:47:54.317702,1,12.0,948.4,25.0,58.9,285.6,30.4,55.3,1005.7,1.3,No rain expected,0,0,81.1
2026-03-27T12:47:54.317702,1,12.4,939.9,25.8,54.3,304.7,31.3,54.0,1005.5,1.6,No rain expected,0,0,78.1
2026-03-27T13:47:54.317702,1,13.0,930.9,26.5,58.1,290.7,31.9,51.8,1005.8,1.4,No rain expected,0,0,78.3
2026-03-27T14:47:54.317702,1,11.3,928.7,26.5,59.0,307.1,33.3,56.1,1005.6,0.8,No rain expected,0,0,77.5
2026-03-27T15:47:54.317702,1,12.0,948.7,27.1,61.5,287.1,32.8,58.2,1004.6,1.6,No rain expected,0,0,77.5
2026-03-27T16:47:54.317702,1,12.9,923.6,26.6,57.4,285.0,33.6,57.8,1004.7,2.3,No rain expected,0,0,76.5
2026-03-27T17:47:54.317702,1,11.9,941.5,25.3,56.9,290.9,30.9,57.0,1004.1,3.6,No rain expected,0,0,79.8
2026-03-27T18:47:54.317702,1,12.4,916.3,24.9,60.7,301.4,30.6,57.6,1005.3,3.6,No rain expected,0,0,80.9
2026-03-27T19:47:54.317702,1,12.6,923.6,24.6,61.0,290.2,29.0,65.7,1005.8,3.9,No rain expected,0,0,82.6
2026-03-27T20:47:54.317702,1,11.2,905.4,23.9,61.9,311.6,27.4,66.7,1005.7,3.4,No rain expected,0,0,84.6
2026-03-27T21:47:54.317702,1,11.0,930.5,23.6,62.1,306.7,26.1,70.0,1005.7,3.2,No rain expected,0,0,85.9
2026-03-27T22:47:54.317702,1,12.2,946.4,23.1,65.8,303.7,25.2,76.3,1006.2,2.3,No rain expected,0,0,85.6
2026-03-27T23:47:54.317702,1,12.0,931.3,22.6,70.8,293.5,25.4,77.4,1006.4,1.6,No rain expected,0,0,83.2
2026-03-28T00:47:54.317702,1,12.6,952.2,23.2,68.1,285.3,23.8,79.0,1006.7,0.7,No rain expected,0,0,86.3
2026-03-28T01:47:54.317702,1,14.9,955.0,22.3,73.3,314.4,24.2,86.9,1006.4,0.6,Rain expected,0,0,81.6
2026-03-28T02:47:54.317702,1,16.3,980.9,22.5,75.4,285.9,22.4,89.5,1008.0,1.5,No rain expected,0,0,82.9
2026-03-28T03:47:54.317702,1,12.1,923.3,22.3,70.2,309.5,23.7,83.4,1007.9,1.6,Rain expected,0,0,84.1
2026-03-28T04:47:54.317702,1,15.3,982.5,22.7,74.1,295.0,24.4,87.5,1007.7,2.3,No rain expected,0,0,82.1
2026-03-28T05:47:54.317702,1,12.4,949.0,23.4,69.3,292.1,24.1,77.4,1008.4,3.7,No rain expected,0,0,85.5
2026-03-28T06:47:54.317702,1,11.5,935.3,23.4,66.3,312.0,26.1,75.1,1009.6,3.4,No rain expected,0,0,84.5
2026-03-28T07:47:54.317702,1,12.9,940.0,23.9,67.4,304.2,27.4,69.0,1008.3,4.4,No rain expected,0,0,82.3
2026-03-28T08:47:54.317702,1,11.8,914.2,23.8,66.1,286.6,29.0,73.6,1009.5,3.7,No rain expected,0,0,81.8
2026-03-28T09:47:54.317702,1,11.1,912.7,24.6,65.5,313.7,29.7,65.5,1010.8,3.6,No rain expected,0,0,80.8
2026-03-28T10:47:54.317702,1,12.6,933.9,25.0,64.5,296.4,30.7,63.3,1009.1,3.0,No rain expected,0,0,79.5
2026-03-28T11:47:54.317702,1,12.7,958.2,25.1,59.6,297.9,30.3,54.5,1010.9,2.2,No rain expected,0,0,80.9
2026-03-28T12:47:54.317702,1,12.1,937.6,26.4,59.1,309.5,33.2,59.0,1010.3,1.2,No rain expected,0,0,77.4
2026-03-28T13:47:54.317702,1,12.9,954.0,26.6,54.2,298.8,32.6,51.4,1010.6,0.8,No rain expected,0,0,76.2
2026-03-28T14:47:54.317702,1,11.1,915.6,26.1,57.1,291.2,32.7,59.4,1010.6,0.9,No rain expected,0,0,78.1
2026-03-28T15:47:54.317702,1,11.2,930.3,26.9,57.9,292.5,34.1,51.2,1011.3,2.1,No rain expected,0,0,76.4
2026-03-28T16:47:54.317702,1,12.6,932.1,26.7,57.0,304.9,33.8,57.9,1010.6,2.8,No rain expected,0,0,75.9
2026-03-28T17:47:54.317702,1,12.2,918.9,25.6,56.0,295.4,32.2,56.6,1010.6,3.3,No rain expected,0,0,78.1
2026-03-28T18:47:54.317702,1,11.1,903.9,24.5,59.0,313.8,29.1,58.1,1010.6,4.2,No rain expected,0,0,82.8
2026-03-28T19:47:54.317702,1,12.9,923.9,24.1,60.6,303.3,28.4,61.9,1010.8,4.2,No rain expected,0,0,83.3
2026-03-28T20:47:54.317702,1,12.1,919.3,24.4,65.8,288.4,28.4,71.3,1009.9,3.4,No rain expected,0,0,82.1
2026-03-28T21:47:54.317702,1,11.6,917.4,23.4,66.8,298.2,27.7,70.3,1010.6,3.4,No rain expected,0,0,83.0
2026-03-28T22:47:54.317702,1,12.9,958.0,23.3,68.6,309.7,25.3,74.9,1010.7,2.7,No rain expected,0,0,84.2
2026-03-28T23:47:54.317702,1,11.9,927.4,22.7,68.2,286.6,23.1,75.9,1010.2,2.2,No rain expected,0,0,86.6
2026-03-29T00:47:54.317702,1,15.5,979.3,22.5,73.2,292.0,24.9,80.8,1010.1,1.5,No rain expected,0,0,81.4
2026-03-29T01:47:54.317702,1,14.7,983.7,22.6,73.4,310.4,21.8,88.7,1008.8,0.5,No rain expected,0,0,83.1
2026-03-29T02:47:54.317702,1,12.9,934.2,22.8,70.0,312.9,22.3,83.3,1008.1,1.2,No rain expected,0,0,85.5
2026-03-29T03:47:54.317702,1,15.8,992.1,22.1,75.0,287.7,22.5,89.3,1009.3,1.4,No rain expected,0,0,82.1
2026-03-29T04:47:54.317702,1,11.0,911.1,22.9,67.8,296.0,23.9,79.2,1007.5,2.8,No rain expected,0,0,86.7
2026-03-29T05:47:54.317702,1,11.8,938.3,22.9,67.7,294.6,25.3,76.5,1007.0,3.7,No rain expected,0,0,85.0
2026-03-29T06:47:54.317702,1,11.8,919.0,23.3,69.2,292.3,25.4,80.9,1007.8,3.6,No rain expected,0,0,84.6
2026-03-29T07:47:54.317702,1,12.1,935.3,23.4,66.0,292.1,27.1,68.9,1006.2,3.5,No rain expected,0,0,83.7
2026-03-29T08:47:54.317702,1,12.1,944.1,23.5,64.9,294.9,27.7,71.7,1006.9,4.1,No rain expected,0,0,83.3
2026-03-29T09:47:54.317702,1,12.0,942.9,24.9,58.2,290.9,29.0,62.2,1005.5,2.9,No rain expected,0,0,82.3
2026-03-29T10:47:54.317702,1,12.5,941.4,24.8,59.5,293.6,31.3,61.4,1005.7,2.6,No rain expected,0,0,80.3
2026-03-29T11:47:54.317702,1,12.4,939.5,26.2,60.2,288.9,31.9,60.8,1006.0,1.6,No rain expected,0,0,79.1
2026-03-29T12:47:54.317702,1,12.9,945.6,26.4,55.0,310.7,31.8,52.9,1004.8,0.8,No rain expected,0,0,77.3
2026-03-29T13:47:54.317702,1,11.8,917.3,26.1,54.1,296.8,32.6,52.9,1005.0,1.3,No rain expected,0,0,77.0
2026-03-29T14:47:54.317702,1,12.9,961.6,26.2,54.7,308.6,31.8,53.8,1004.5,0.9,No rain expected,0,0,77.2
2026-03-29T15:47:54.317702,1,12.9,957.2,26.3,61.6,302.9,32.5,58.1,1004.7,2.1,No rain expected,0,0,77.7
2026-03-29T16:47:54.317702,1,12.7,923.8,26.2,59.1,292.2,32.1,55.5,1004.6,2.3,No rain expected,0,0,78.7
2026-03-29T17:47:54.317702,1,11.7,933.1,25.5,60.4,298.7,31.9,55.4,1004.0,2.9,No rain expected,0,0,79.6
2026-03-29T18:47:54.317702,1,12.2,936.2,24.9,60.0,292.8,29.6,65.8,1004.2,4.3,No rain expected,0,0,82.2
2026-03-29T19:47:54.317702,1,12.4,942.1,24.8,62.0,305.4,28.3,69.1,1004.5,4.5,No rain expected,0,0,82.7
2026-03-29T20:47:54.317702,1,11.7,942.7,24.1,62.4,314.9,28.7,70.7,1006.2,4.0,No rain expected,0,0,82.6
2026-03-29T21:47:54.317702,1,12.8,940.1,23.6,67.0,285.9,25.7,73.2,1005.4,3.0,No rain expected,0,0,84.5
2026-03-29T22:47:54.317702,1,11.3,929.5,23.1,69.5,292.7,25.8,79.7,1006.6,2.6,No rain expected,0,0,84.3
2026-03-29T23:47:54.317702,1,15.4,970.0,23.1,73.6,295.4,25.3,84.3,1006.5,1.7,Rain expected,0,0,82.1
2026-03-30T00:47:54.317702,1,12.4,931.6,22.3,71.2,308.9,24.3,80.9,1006.8,1.7,No rain expected,0,0,83.1
2026-03-30T01:47:54.317702,1,15.4,988.6,22.9,74.9,301.7,22.6,89.3,1006.7,1.0,No rain expected,0,0,83.4
2026-03-30T02:47:54.317702,1,13.9,954.1,22.3,72.1,308.3,24.3,81.0,1007.6,0.9,No rain expected,0,0,82.3
2026-03-30T03:47:54.317702,1,11.3,924.9,22.6,68.6,306.4,24.4,82.2,1006.9,1.7,No rain expected,0,0,84.9
2026-03-30T04:47:54.317702,1,13.8,956.0,22.8,72.2,303.1,22.6,84.3,1007.8,2.7,No rain expected,0,0,84.9
2026-03-30T05:47:54.317702,1,11.4,906.6,23.4,70.3,305.0,24.5,81.1,1009.0,3.5,No rain expected,0,0,85.2
2026-03-30T06:47:54.317702,1,12.0,945.8,23.1,66.0,302.2,26.9,73.2,1008.6,4.2,No rain expected,0,0,83.9
2026-03-30T07:47:54.317702,1,11.0,921.6,23.2,63.9,286.8,25.6,69.9,1009.9,4.1,No rain expected,0,0,86.4
2026-03-30T08:47:54.317702,1,11.5,918.0,24.2,67.7,289.6,27.0,72.4,1009.8,3.6,No rain expected,0,0,83.2
2026-03-30T09:47:54.317702,1,11.1,927.9,23.9,60.6,306.6,29.0,61.1,1009.1,2.9,No rain expected,0,0,83.3
2026-03-30T10:47:54.317702,1,12.7,958.5,25.2,66.0,296.6,30.8,67.4,1010.0,2.1,No rain expected,0,0,78.7
2026-03-30T11:47:54.317702,1,11.7,920.1,25.5,57.9,307.8,30.5,59.0,1011.1,1.5,No rain expected,0,0,80.4
2026-03-30T12:47:54.317702,1,11.8,926.8,26.8,57.6,299.2,32.7,58.6,1009.9,1.3,No rain expected,0,0,77.5
2026-03-30T13:47:54.317702,1,12.3,943.0,26.6,61.5,289.8,31.8,57.5,1009.8,1.2,No rain expected,0,0,78.6
2026-03-30T14:47:54.317702,1,12.8,947.4,27.2,58.7,303.3,33.3,52.2,1011.6,1.5,No rain expected,0,0,76.6
2026-03-30T15:47:54.317702,1,11.5,925.5,25.7,56.6,311.2,31.8,56.0,1011.9,2.1,No rain expected,0,0,78.6
2026-03-30T16:47:54.317702,1,12.7,943.1,26.2,61.9,290.9,31.1,61.0,1011.3,2.2,No rain expected,0,0,79.3
2026-03-30T17:47:54.317702,1,11.6,920.5,25.6,61.3,298.4,32.4,61.6,1011.8,3.5,No rain expected,0,0,78.8
2026-03-30T18:47:54.317702,1,12.5,941.1,24.8,65.8,310.5,30.2,67.4,1010.6,3.7,No rain expected,0,0,79.6
2026-03-30T19:47:54.317702,1,12.3,918.3,23.9,62.1,305.0,28.5,61.2,1011.4,4.2,No rain expected,0,0,83.1
2026-03-30T20:47:54.317702,1,12.6,924.3,23.7,65.6,288.3,28.8,72.7,1009.6,4.2,No rain expected,0,0,81.9
2026-03-30T21:47:54.317702,1,12.9,930.2,23.7,68.2,313.8,27.1,77.7,1010.5,3.2,No rain expected,0,0,82.4
2026-03-30T22:47:54.317702,1,14.0,952.1,23.6,71.7,297.4,26.6,79.8,1010.1,2.3,No rain expected,0,0,81.6
2026-03-30T23:47:54.317702,1,11.6,912.3,23.2,67.7,289.8,24.4,76.9,1009.2,1.9,No rain expected,0,0,86.3
2026-03-31T00:47:54.317702,1,13.4,937.1,22.2,70.7,311.7,23.7,82.2,1010.1,0.9,No rain expected,0,0,83.2
2026-03-31T01:47:54.317702,1,14.1,971.7,22.5,72.1,286.2,22.5,86.5,1009.5,0.6,No rain expected,0,0,84.7
2026-03-31T02:47:54.317702,1,14.6,974.3,22.0,74.3,308.7,23.2,87.9,1009.6,1.6,No rain expected,0,0,81.6
2026-03-31T03:47:54.317702,1,15.2,982.0,23.0,73.7,309.8,21.8,84.6,1008.2,1.7,No rain expected,0,0,83.1
2026-03-31T04:47:54.317702,1,14.6,985.9,22.7,72.6,309.4,23.4,83.7,1008.6,2.1,No rain expected,0,0,83.6
2026-03-31T05:47:54.317702,1,11.4,937.8,23.1,69.0,314.5,25.7,83.8,1008.2,3.1,No rain expected,0,0,84.3
2026-03-31T06:47:54.317702,1,11.5,935.2,23.7,67.7,286.3,24.6,79.6,1007.8,3.3,No rain expected,0,0,85.8
2026-03-31T07:47:54.317702,1,11.4,935.8,23.7,65.2,304.5,26.7,71.8,1006.5,4.3,No rain expected,0,0,84.2
2026-03-31T08:47:54.317702,1,13.0,953.8,24.4,63.4,297.6,27.5,65.1,1005.9,3.7,No rain expected,0,0,83.1
2026-03-31T09:47:54.317702,1,11.9,946.7,24.4,61.2,285.4,29.5,63.8,1006.9,3.6,No rain expected,0,0,82.3
2026-03-31T10:47:54.317702,1,12.3,928.7,24.9,61.5,309.0,29.4,62.2,1006.5,2.3,No rain expected,0,0,81.8
2026-03-31T11:47:54.317702,1,12.5,956.1,25.8,57.4,287.0,32.6,54.4,1005.4,1.5,No rain expected,0,0,77.8
2026-03-31T12:47:54.317702,1,12.5,935.1,26.8,58.6,299.5,32.5,59.1,1005.1,0.9,No rain expected,0,0,77.7
2026-03-31T13:47:54.317702,1,11.3,921.6,27.2,60.9,311.8,33.8,59.6,1004.9,1.2,No rain expected,0,0,76.7
2026-03-31T14:47:54.317702,1,11.5,917.4,26.9,58.4,298.4,33.9,59.8,1005.0,1.7,No rain expected,0,0,76.7
2026-03-31T15:47:54.317702,1,12.2,930.3,26.9,56.6,305.1,33.5,55.7,1005.5,2.1,No rain expected,0,0,76.1
2026-03-31T16:47:54.317702,1,12.7,934.0,26.1,59.5,303.4,31.3,61.7,1004.6,2.1,No rain expected,0,0,79.5
2026-03-31T17:47:54.317702,1,11.1,901.5,25.9,60.5,292.9,32.5,60.9,1005.2,3.1,No rain expected,0,0,79.2
2026-03-31T18:47:54.317702,1,11.4,916.7,25.4,59.7,298.7,31.3,63.5,1005.5,3.8,No rain expected,0,0,80.4
2026-03-31T19:47:54.317702,1,11.3,914.6,24.6,60.7,312.1,29.5,64.0,1004.3,3.7,No rain expected,0,0,82.4
2026-03-31T20:47:54.317702,1,11.1,929.4,24.3,67.0,299.6,28.9,68.9,1005.9,3.4,No rain expected,0,0,81.4
2026-03-31T21:47:54.317702,1,12.7,953.9,23.3,66.7,301.8,27.1,75.0,1006.4,3.4,No rain expected,0,0,83.1
2026-03-31T22:47:54.317702,1,12.2,931.8,23.2,69.0,306.0,26.9,75.3,1006.0,2.4,No rain expected,0,0,82.9
2026-03-31T23:47:54.317702,1,11.4,911.8,22.6,67.5,285.9,25.5,80.8,1007.1,1.6,No rain expected,0,0,84.4
2026-04-01T00:47:54.317702,1,14.4,969.6,22.4,73.5,305.4,25.1,86.6,1005.8,1.6,No rain expected,0,0,81.1
2026-04-01T01:47:54.317702,1,12.0,922.6,22.1,70.4,305.4,24.1,84.2,1007.2,0.9,Rain expected,0,0,83.3
2026-04-01T02:47:54.317702,1,15.1,984.6,22.9,73.3,301.9,22.5,88.2,1006.8,1.2,Rain expected,0,0,83.9
2026-04-01T03:47:54.317702,1,17.3,1006.0,22.8,75.4,297.9,21.8,85.4,1007.9,1.8,No rain expected,0,0,81.8
2026-04-01T04:47:54.317702,1,12.4,937.8,22.6,68.8,313.3,24.8,81.8,1008.5,2.5,No rain expected,0,0,84.0
2026-04-01T05:47:54.317702,1,12.2,920.6,22.9,67.1,311.0,25.2,75.7,1007.4,3.1,No rain expected,0,0,85.0
2026-04-01T06:47:54.317702,1,14.2,943.7,22.8,72.8,287.1,25.4,82.0,1008.2,4.1,No rain expected,0,0,82.4
2026-04-01T07:47:54.317702,1,12.5,948.8,24.0,61.9,288.4,25.9,69.7,1009.7,3.8,No rain expected,0,0,85.7
2026-04-01T08:47:54.317702,1,11.3,939.3,23.9,63.9,307.5,26.7,65.6,1010.2,3.9,No rain expected,0,0,84.5
2026-04-01T09:47:54.317702,1,11.4,903.4,24.9,65.6,294.5,30.6,65.4,1010.5,2.9,No rain expected,0,0,79.9
2026-04-01T10:47:54.317702,1,11.9,920.2,25.5,62.8,303.8,31.5,64.0,1009.4,2.2,No rain expected,0,0,79.2
2026-04-01T11:47:54.317702,1,11.4,923.2,26.3,60.5,289.6,32.7,60.2,1009.5,1.5,No rain expected,0,0,78.6
2026-04-01T12:47:54.317702,1,12.2,916.7,25.7,58.0,286.2,31.1,58.6,1010.1,1.5,No rain expected,0,0,79.9
2026-04-01T13:47:54.317702,1,12.4,933.5,27.1,58.2,291.0,33.3,58.2,1011.0,0.8,No rain expected,0,0,76.8
2026-04-01T14:47:54.317702,1,11.7,919.3,26.0,58.5,304.1,32.1,53.6,1011.8,0.8,No rain expected,0,0,78.8
2026-04-01T15:47:54.317702,1,11.0,920.5,25.7,59.3,285.0,31.8,57.0,1011.3,1.8,No rain expected,0,0,79.9
2026-04-01T16:47:54.317702,1,12.9,953.0,26.3,57.2,313.0,33.2,60.0,1010.6,2.9,No rain expected,0,0,76.5
2026-04-01T17:47:54.317702,1,12.9,956.1,25.8,57.7,310.7,32.1,54.7,1010.0,2.8,No rain expected,0,0,78.0
2026-04-01T18:47:54.317702,1,11.0,903.1,25.6,64.6,296.6,31.5,64.7,1010.7,4.0,No rain expected,0,0,79.1
2026-04-01T19:47:54.317702,1,13.0,941.0,24.8,62.4,294.0,30.5,68.5,1009.9,3.6,No rain expected,0,0,80.3
2026-04-01T20:47:54.317702,1,11.3,901.4,23.5,65.1,306.5,28.1,71.3,1009.7,4.2,No rain expected,0,0,83.2
2026-04-01T21:47:54.317702,1,12.5,945.4,24.0,63.4,312.3,28.2,69.9,1010.3,3.3,No rain expected,0,0,82.6
2026-04-01T22:47:54.317702,1,12.9,926.5,23.1,69.0,306.0,26.2,75.3,1009.5,2.6,No rain expected,0,0,83.5
2026-04-01T23:47:54.317702,1,12.5,942.9,23.0,69.5,309.9,24.3,80.1,1010.1,1.4,No rain expected,0,0,85.2
2026-04-02T00:47:54.317702,1,13.2,938.0,22.7,71.7,288.9,22.9,79.4,1010.0,1.1,No rain expected,0,0,85.3
2026-04-02T01:47:54.317702,1,15.8,997.4,22.4,75.2,295.7,22.7,84.4,1009.1,1.4,No rain expected,0,0,82.5
2026-04-02T02:47:54.317702,1,14.1,966.5,22.5,71.5,286.2,24.5,88.3,1008.2,0.8,No rain expected,0,0,82.9
2026-04-02T03:47:54.317702,1,12.2,938.3,22.9,68.9,285.6,22.0,82.3,1008.2,1.6,No rain expected,0,0,86.1
2026-04-02T04:47:54.317702,1,13.5,937.6,22.3,71.9,311.8,23.9,82.9,1007.0,2.9,No rain expected,0,0,82.9
2026-04-02T05:47:54.317702,1,13.9,938.9,23.3,72.1,298.0,25.4,80.9,1008.4,3.3,No rain expected,0,0,83.0
2026-04-02T06:47:54.317702,1,12.5,947.7,23.3,68.6,302.2,25.7,76.5,1006.6,3.9,No rain expected,0,0,84.0
2026-04-02T07:47:54.317702,1,11.3,909.1,23.2,64.8,295.8,27.8,71.6,1006.9,4.3,No rain expected,0,0,83.8
2026-04-02T08:47:54.317702,1,12.9,953.9,23.5,63.4,294.6,26.5,67.9,1005.8,4.2,No rain expected,0,0,84.6
2026-04-02T09:47:54.317702,1,11.6,935.1,24.8,62.7,295.0,28.9,67.4,1006.2,3.3,No rain expected,0,0,82.3
2026-04-02T10:47:54.317702,1,12.4,919.6,24.9,65.5,311.4,30.1,65.4,1006.4,2.5,No rain expected,0,0,79.8
2026-04-02T11:47:54.317702,1,11.2,930.8,26.1,56.1,314.4,31.5,57.7,1005.6,2.0,No rain expected,0,0,78.6
2026-04-02T12:47:54.317702,1,12.1,940.3,26.3,56.5,292.9,33.2,58.6,1004.6,1.2,No rain expected,0,0,76.8
2026-04-02T13:47:54.317702,1,11.4,935.4,26.6,59.5,310.7,31.7,56.8,1005.0,0.9,No rain expected,0,0,79.1
2026-04-02T14:47:54.317702,1,12.3,951.2,26.5,60.6,291.6,31.6,57.0,1005.5,1.5,No rain expected,0,0,79.1
2026-04-02T15:47:54.317702,1,11.0,926.4,27.0,56.6,313.8,33.0,54.8,1005.1,1.4,No rain expected,0,0,76.9
2026-04-02T16:47:54.317702,1,12.6,952.0,25.8,60.8,288.6,31.3,60.0,1004.8,2.0,No rain expected,0,0,79.6
2026-04-02T17:47:54.317702,1,12.4,935.7,25.8,59.5,297.6,30.7,60.6,1005.7,2.9,No rain expected,0,0,80.4
2026-04-02T18:47:54.317702,1,12.2,951.6,25.2,64.2,289.0,29.0,65.3,1005.6,3.9,No rain expected,0,0,81.3
2026-04-02T19:47:54.317702,1,11.7,923.4,24.7,59.6,306.3,28.7,63.5,1005.6,4.0,No rain expected,0,0,83.1
2026-04-02T20:47:54.317702,1,12.0,933.5,23.7,69.5,285.5,26.6,74.5,1005.8,3.5,No rain expected,0,0,83.1
2026-04-02T21:47:54.317702,1,11.9,926.7,24.0,67.7,307.6,26.5,72.5,1005.5,2.8,No rain expected,0,0,83.4
2026-04-02T22:47:54.317702,1,11.4,915.1,23.4,69.2,310.2,26.6,80.5,1005.7,2.1,No rain expected,0,0,83.3
2026-04-02T23:47:54.317702,1,12.5,943.4,23.3,71.1,295.0,25.3,76.5,1005.7,1.9,No rain expected,0,0,83.8
2026-04-03T00:47:54.317702,1,14.6,977.5,23.1,72.9,298.5,25.0,84.2,1005.9,1.1,Rain expected,0,0,82.8
2026-04-03T01:47:54.317702,1,15.3,977.6,22.4,73.4,310.6,23.5,87.1,1006.2,1.3,No rain expected,0,0,82.3
2026-04-03T02:47:54.317702,1,12.5,936.9,22.9,70.7,305.5,22.3,83.1,1006.6,1.1,No rain expected,0,0,85.5
2026-04-03T03:47:54.317702,1,12.8,930.5,22.4,70.0,302.2,22.3,85.8,1006.8,2.1,No rain expected,0,0,85.5
2026-04-03T04:47:54.317702,1,12.7,927.7,22.9,70.8,294.6,25.0,85.2,1008.6,2.8,No rain expected,0,0,84.1
2026-04-03T05:47:54.317702,1,12.1,921.9,23.2,69.9,291.8,23.0,78.6,1008.5,2.9,No rain expected,0,0,86.4
2026-04-03T06:47:54.317702,1,14.2,971.3,23.5,72.0,292.7,26.0,78.3,1008.5,4.0,No rain expected,0,0,82.1
2026-04-03T07:47:54.317702,1,12.3,936.8,23.3,65.8,295.4,27.1,77.3,1009.9,4.3,No rain expected,0,0,83.7
2026-04-03T08:47:54.317702,1,11.6,920.6,24.3,66.2,291.4,26.6,70.0,1009.8,3.6,No rain expected,0,0,83.9
2026-04-03T09:47:54.317702,1,11.6,940.1,24.9,58.9,314.9,30.2,63.0,1010.5,2.8,No rain expected,0,0,81.1
2026-04-03T10:47:54.317702,1,12.4,936.6,24.9,60.3,293.6,31.3,61.1,1010.3,2.5,No rain expected,0,0,80.3
2026-04-03T11:47:54.317702,1,11.7,938.9,25.8,61.0,291.4,32.1,57.3,1009.8,2.1,No rain expected,0,0,79.1
2026-04-03T12:47:54.317702,1,11.5,931.4,26.3,56.2,299.2,33.1,52.5,1010.9,0.9,No rain expected,0,0,77.0
2026-04-03T13:47:54.317702,1,12.6,924.3,26.7,59.6,298.8,32.4,55.6,1011.1,1.0,No rain expected,0,0,78.2
2026-04-03T14:47:54.317702,1,12.3,935.4,26.3,58.1,310.1,31.8,55.9,1011.7,1.0,No rain expected,0,0,78.5
2026-04-03T15:47:54.317702,1,12.9,924.3,26.2,56.3,308.5,31.6,53.6,1010.7,1.5,No rain expected,0,0,78.1
2026-04-03T16:47:54.317702,1,12.4,936.5,26.3,59.3,305.1,32.8,57.7,1010.0,2.2,No rain expected,0,0,77.9
2026-04-03T17:47:54.317702,1,12.4,920.5,26.5,57.4,310.1,33.0,55.8,1010.4,3.0,No rain expected,0,0,77.0
2026-04-03T18:47:54.317702,1,11.3,937.2,25.5,59.2,293.7,31.3,63.8,1011.8,4.0,No rain expected,0,0,80.2
2026-04-03T19:47:54.317702,1,12.2,918.5,24.4,64.7,301.9,28.7,66.6,1010.7,4.3,No rain expected,0,0,81.9
2026-04-03T20:47:54.317702,1,11.2,908.2,23.6,62.9,313.5,29.4,70.0,1010.4,4.0,No rain expected,0,0,82.4
2026-04-03T21:47:54.317702,1,12.8,953.3,23.6,65.4,309.9,26.9,71.1,1011.3,2.9,No rain expected,0,0,83.4
2026-04-03T22:47:54.317702,1,11.1,900.2,23.6,69.9,305.2,27.0,75.0,1009.5,2.1,No rain expected,0,0,82.9
2026-04-03T23:47:54.317702,1,11.4,928.8,22.7,68.9,292.5,24.8,76.8,1009.0,1.5,No rain expected,0,0,84.8
2026-04-04T00:47:54.317702,1,12.4,944.3,23.0,69.3,294.8,24.5,78.3,1009.0,1.0,No rain expected,0,0,85.3
2026-04-04T01:47:54.317702,1,13.8,937.1,22.5,71.3,301.2,24.5,80.5,1009.2,0.6,No rain expected,0,0,83.0
2026-04-04T02:47:54.317702,1,11.9,909.6,22.5,69.9,311.4,21.8,82.5,1009.6,1.5,No rain expected,0,0,85.3
2026-04-04T03:47:54.317702,1,15.5,982.1,22.5,75.3,313.6,22.3,86.5,1008.6,1.9,No rain expected,0,0,82.7
2026-04-04T04:47:54.317702,1,15.0,967.9,23.0,74.4,290.9,23.4,88.0,1007.0,2.9,No rain expected,0,0,84.0
2026-04-04T05:47:54.317702,1,11.3,934.0,23.0,68.8,300.6,23.5,83.3,1007.8,3.3,Rain expected,0,0,86.8
2026-04-04T06:47:54.317702,1,11.6,943.4,23.1,69.1,303.7,26.5,78.5,1006.2,3.9,No rain expected,0,0,83.5
2026-04-04T07:47:54.317702,1,13.0,926.9,23.8,65.0,308.9,26.7,75.7,1007.7,3.9,No rain expected,0,0,83.8
2026-04-04T08:47:54.317702,1,11.4,929.1,23.9,67.3,289.0,27.0,71.0,1005.6,3.5,No rain expected,0,0,83.4
2026-04-04T09:47:54.317702,1,12.1,940.0,24.2,64.7,299.5,30.4,65.7,1005.5,3.5,No rain expected,0,0,80.3
2026-04-04T10:47:54.317702,1,13.0,939.2,25.6,61.5,298.8,31.9,65.6,1005.4,2.1,No rain expected,0,0,78.8
2026-04-04T11:47:54.317702,1,11.6,925.8,25.9,58.2,295.0,31.5,60.6,1005.9,1.8,No rain expected,0,0,79.5
2026-04-04T12:47:54.317702,1,11.6,923.3,26.9,57.5,305.2,33.1,60.4,1004.8,1.3,No rain expected,0,0,77.0
2026-04-04T13:47:54.317702,1,11.4,922.9,27.0,60.4,289.9,32.9,56.2,1005.4,1.1,No rain expected,0,0,78.1
2026-04-04T14:47:54.317702,1,11.5,922.8,27.0,55.3,296.7,33.9,55.4,1005.4,1.5,No rain expected,0,0,75.7
2026-04-04T15:47:54.317702,1,12.7,936.1,27.1,55.8,313.6,33.8,52.3,1005.5,1.8,No rain expected,0,0,75.2
2026-04-04T16:47:54.317702,1,11.7,928.4,26.5,57.1,311.0,32.9,57.1,1004.9,2.8,No rain expected,0,0,77.2
2026-04-04T17:47:54.317702,1,12.0,911.9,25.9,57.8,285.0,31.2,59.9,1005.5,3.1,No rain expected,0,0,79.7
2026-04-04T18:47:54.317702,1,11.4,908.7,25.6,64.1,305.8,31.2,63.7,1004.3,3.8,No rain expected,0,0,79.2
2026-04-04T19:47:54.317702,1,12.7,924.9,24.8,62.4,312.4,29.8,62.0,1005.1,4.0,No rain expected,0,0,81.0
2026-04-04T20:47:54.317702,1,11.0,923.6,24.3,66.7,291.6,28.6,74.9,1005.4,3.5,No rain expected,0,0,81.9
2026-04-04T21:47:54.317702,1,11.2,929.0,23.3,68.9,309.3,27.0,74.5,1005.9,3.7,No rain expected,0,0,83.1
2026-04-04T22:47:54.317702,1,11.2,920.7,23.1,64.6,297.7,25.0,72.8,1005.4,2.7,No rain expected,0,0,86.6
2026-04-04T23:47:54.317702,1,12.2,947.4,22.6,65.1,303.0,23.3,75.8,1007.1,1.3,No rain expected,0,0,86.7
2026-04-05T00:47:54.317702,1,13.1,965.9,22.6,70.3,298.4,22.5,79.9,1005.8,0.9,No rain expected,0,0,85.4
2026-04-05T01:47:54.317702,1,15.0,970.3,23.0,73.8,304.8,23.0,86.2,1007.5,1.2,Rain expected,0,0,84.4
2026-04-05T02:47:54.317702,1,13.1,943.5,22.8,70.5,298.3,24.2,84.9,1007.5,1.6,No rain expected,0,0,84.5
2026-04-05T03:47:54.317702,1,17.0,1014.6,22.2,77.5,287.8,23.1,89.1,1006.9,1.8,No rain expected,0,0,80.6
2026-04-05T04:47:54.317702,1,11.1,926.9,22.8,69.0,296.6,23.5,79.1,1007.0,2.6,No rain expected,0,0,86.4
2026-04-05T05:47:54.317702,1,12.2,918.4,23.0,70.0,300.5,24.1,80.0,1008.9,3.7,No rain expected,0,0,85.6
2026-04-05T06:47:54.317702,1,13.1,966.4,23.1,71.9,299.7,26.1,78.7,1009.6,4.0,No rain expected,0,0,82.5
2026-04-05T07:47:54.317702,1,13.0,962.3,23.2,68.4,291.6,26.6,75.5,1009.5,4.0,No rain expected,0,0,83.1
2026-04-05T08:47:54.317702,1,11.3,899.5,23.9,66.8,300.5,27.2,70.4,1009.6,3.6,No rain expected,0,0,83.4
2026-04-05T09:47:54.317702,1,11.7,942.0,24.3,63.3,293.8,30.1,68.5,1010.1,2.9,No rain expected,0,0,81.1
2026-04-05T10:47:54.317702,1,11.0,908.7,24.8,63.3,312.6,29.5,61.9,1010.2,2.7,No rain expected,0,0,81.6
2026-04-05T11:47:54.317702,1,11.1,926.1,26.3,59.4,305.5,32.0,61.0,1009.9,1.5,No rain expected,0,0,79.1
2026-04-05T12:47:54.317702,1,12.1,947.4,26.0,55.6,299.4,31.4,53.6,1010.4,1.0,No rain expected,0,0,78.4
2026-04-05T13:47:54.317702,1,12.2,934.6,26.7,54.3,298.3,33.1,52.0,1011.2,1.0,No rain expected,0,0,76.0
2026-04-05T14:47:54.317702,1,12.2,916.4,26.7,54.3,302.8,32.8,52.6,1010.1,0.7,No rain expected,0,0,76.4
2026-04-05T15:47:54.317702,1,13.0,945.4,27.3,57.1,297.1,33.8,51.8,1010.0,1.6,No rain expected,0,0,75.6
2026-04-05T16:47:54.317702,1,11.6,940.9,26.1,59.8,306.5,32.2,60.5,1010.1,2.9,No rain expected,0,0,78.9
2026-04-05T17:47:54.317702,1,12.5,925.1,25.8,56.5,307.8,31.6,54.7,1010.5,3.4,No rain expected,0,0,78.5
2026-04-05T18:47:54.317702,1,12.3,952.3,25.0,62.4,285.2,30.4,67.1,1010.1,4.2,No rain expected,0,0,80.6
2026-04-05T19:47:54.317702,1,11.3,909.1,24.1,62.2,313.1,30.0,64.9,1011.5,3.6,No rain expected,0,0,81.7
2026-04-05T20:47:54.317702,1,11.8,928.9,24.1,65.2,315.0,28.6,69.1,1011.6,4.1,No rain expected,0,0,81.9
2026-04-05T21:47:54.317702,1,12.7,950.0,23.3,66.7,290.7,26.6,69.3,1010.8,3.2,No rain expected,0,0,83.8
2026-04-05T22:47:54.317702,1,12.8,938.8,23.3,68.1,304.0,26.4,75.3,1011.1,3.0,No rain expected,0,0,83.4
2026-04-05T23:47:54.317702,1,12.9,939.4,22.8,71.0,314.2,23.4,80.4,1009.2,2.0,Rain expected,0,0,85.0
2026-04-06T00:47:54.317702,1,12.5,923.4,22.8,71.1,298.6,24.4,87.5,1010.3,1.4,No rain expected,0,0,84.4
2026-04-06T01:47:54.317702,1,13.7,956.6,22.1,72.7,289.9,23.0,79.7,1010.0,1.3,No rain expected,0,0,83.1
2026-04-06T02:47:54.317702,1,14.4,975.1,22.6,73.7,288.4,22.4,86.0,1009.7,1.3,No rain expected,0,0,84.0
2026-04-06T03:47:54.317702,1,12.0,937.8,22.9,68.7,301.1,23.5,80.8,1008.9,2.1,No rain expected,0,0,86.3
2026-04-06T04:47:54.317702,1,11.4,920.9,22.8,69.5,294.0,22.7,80.3,1007.8,2.5,No rain expected,0,0,86.8
2026-04-06T05:47:54.317702,1,16.2,1007.9,23.1,74.5,291.5,25.4,83.2,1007.5,3.7,No rain expected,0,0,81.3
2026-04-06T06:47:54.317702,1,11.6,918.5,23.7,66.6,286.4,25.0,77.3,1007.1,3.8,No rain expected,0,0,85.8
2026-04-06T07:47:54.317702,1,12.2,949.5,23.3,68.0,290.5,25.5,75.6,1007.6,4.0,No rain expected,0,0,84.6
2026-04-06T08:47:54.317702,1,11.7,925.7,23.8,62.1,295.4,28.7,67.9,1007.2,4.1,No rain expected,0,0,83.2
2026-04-06T09:47:54.317702,1,12.7,939.9,24.4,65.0,289.6,28.1,70.5,1006.5,2.8,No rain expected,0,0,82.3
2026-04-06T10:47:54.317702,1,12.3,932.7,24.5,59.5,307.9,30.7,62.3,1005.6,3.0,No rain expected,0,0,80.9
2026-04-06T11:47:54.317702,1,12.4,926.3,26.0,59.1,285.8,32.4,62.3,1006.1,1.4,No rain expected,0,0,78.6
2026-04-06T12:47:54.317702,1,11.8,938.4,25.4,56.6,288.8,31.2,53.7,1006.3,0.8,No rain expected,0,0,79.5
2026-04-06T13:47:54.317702,1,12.3,923.9,26.9,57.3,305.8,33.8,56.6,1004.5,0.7,No rain expected,0,0,76.1
2026-04-06T14:47:54.317702,1,11.6,939.4,26.6,61.0,293.1,32.4,57.4,1004.7,1.4,No rain expected,0,0,78.4
2026-04-06T15:47:54.317702,1,11.5,935.8,26.4,56.0,300.1,33.0,56.6,1004.6,1.7,No rain expected,0,0,77.0
2026-04-06T16:47:54.317702,1,12.3,929.5,25.6,59.6,292.8,31.0,57.8,1004.2,3.0,No rain expected,0,0,80.3
2026-04-06T17:47:54.317702,1,12.3,942.9,25.1,59.5,312.6,31.3,56.4,1004.6,3.0,No rain expected,0,0,79.9
2026-04-06T18:47:54.317702,1,12.1,950.8,24.5,61.7,312.6,30.2,62.5,1005.4,4.2,No rain expected,0,0,81.0
2026-04-06T19:47:54.317702,1,12.8,927.9,24.4,65.2,291.7,29.3,69.8,1004.3,3.6,No rain expected,0,0,81.1
2026-04-06T20:47:54.317702,1,12.1,912.6,23.7,63.7,303.0,29.1,70.1,1005.3,3.4,No rain expected,0,0,82.2
2026-04-06T21:47:54.317702,1,11.5,921.5,23.2,69.7,304.4,27.5,73.6,1005.4,3.6,No rain expected,0,0,82.4
2026-04-06T22:47:54.317702,1,13.9,964.6,23.4,73.5,293.6,24.2,82.5,1005.2,3.0,No rain expected,0,0,83.6
2026-04-06T23:47:54.317702,1,12.0,946.8,22.9,68.0,294.5,23.5,78.0,1005.6,2.0,No rain expected,0,0,86.6
2026-04-07T00:47:54.317702,1,11.8,923.5,22.6,69.9,286.9,24.5,84.6,1007.5,1.3,No rain expected,0,0,84.5
2026-04-07T01:47:54.317702,1,13.0,956.7,22.2,68.5,307.3,23.8,79.8,1007.0,1.4,No rain expected,0,0,83.9
2026-04-07T02:47:54.317702,1,16.5,991.9,22.0,75.3,297.0,22.8,87.2,1006.8,1.7,No rain expected,0,0,81.2
2026-04-07T03:47:54.317702,1,16.4,1004.2,22.1,74.9,308.8,21.7,88.6,1008.1,1.3,No rain expected,0,0,81.7
2026-04-07T04:47:54.317702,1,12.3,947.9,23.0,69.6,300.5,22.6,85.1,1007.7,2.8,No rain expected,0,0,86.3
2026-04-07T05:47:54.317702,1,12.5,925.6,23.2,66.9,310.2,24.5,75.7,1008.6,3.6,No rain expected,0,0,85.8
2026-04-07T06:47:54.317702,1,13.3,959.5,23.7,71.9,294.7,25.8,78.5,1007.9,4.0,No rain expected,0,0,82.5
2026-04-07T07:47:54.317702,1,12.9,950.9,24.0,67.1,312.5,26.5,70.1,1009.0,4.5,No rain expected,0,0,83.1
2026-04-07T08:47:54.317702,1,11.8,925.0,23.7,62.7,291.5,29.5,67.4,1009.4,3.8,No rain expected,0,0,82.3
2026-04-07T09:47:54.317702,1,11.5,927.2,24.7,60.0,291.1,28.4,64.5,1010.7,3.7,No rain expected,0,0,83.8
2026-04-07T10:47:54.317702,1,11.7,918.9,25.5,65.0,295.5,31.9,66.8,1009.8,2.0,No rain expected,0,0,78.3
2026-04-07T11:47:54.317702,1,11.9,923.9,25.2,60.2,313.1,30.3,58.0,1009.7,1.9,No rain expected,0,0,81.2
2026-04-07T12:47:54.317702,1,12.1,914.0,27.0,56.8,297.8,33.8,55.5,1010.9,1.3,No rain expected,0,0,76.1
2026-04-07T13:47:54.317702,1,11.9,929.7,26.6,61.5,311.5,32.4,59.8,1010.7,0.6,No rain expected,0,0,78.0
2026-04-07T14:47:54.317702,1,12.8,956.6,26.5,52.5,295.0,32.7,50.3,1010.0,1.7,No rain expected,0,0,75.7
2026-04-07T15:47:54.317702,1,12.0,922.4,26.8,55.5,296.5,34.3,52.8,1010.0,2.0,No rain expected,0,0,75.3
2026-04-07T16:47:54.317702,1,12.8,933.4,27.2,60.2,288.0,33.5,55.1,1010.9,2.7,No rain expected,0,0,77.0
2026-04-07T17:47:54.317702,1,12.0,949.8,25.6,59.8,296.6,31.6,56.9,1010.9,3.4,No rain expected,0,0,79.7
2026-04-07T18:47:54.317702,1,12.6,926.8,24.7,63.6,295.6,29.2,66.7,1010.7,3.4,No rain expected,0,0,81.5
2026-04-07T19:47:54.317702,1,11.1,901.3,25.0,63.7,291.1,30.6,62.9,1011.3,3.9,No rain expected,0,0,80.6
2026-04-07T20:47:54.317702,1,12.9,943.4,24.0,65.7,310.3,28.7,71.7,1010.1,3.4,No rain expected,0,0,81.4
2026-04-07T21:47:54.317702,1,12.6,938.8,23.2,64.0,288.2,25.9,70.0,1010.2,2.9,No rain expected,0,0,85.5
2026-04-07T22:47:54.317702,1,12.8,931.3,23.2,68.9,312.0,26.7,77.5,1009.8,2.6,No rain expected,0,0,82.9
2026-04-07T23:47:54.317702,1,12.7,934.2,23.2,68.3,309.7,23.9,80.0,1009.5,1.5,No rain expected,0,0,85.9
2026-04-08T00:47:54.317702,1,16.6,991.7,22.4,74.9,304.0,24.8,87.7,1009.5,1.2,No rain expected,0,0,80.2
2026-04-08T01:47:54.317702,1,11.1,931.7,22.4,69.7,301.6,24.2,79.5,1009.2,0.6,No rain expected,0,0,84.4
2026-04-08T02:47:54.317702,1,16.4,999.0,22.3,74.4,293.5,23.8,87.2,1008.0,1.6,No rain expected,0,0,81.2
2026-04-08T03:47:54.317702,1,15.3,988.0,22.8,73.2,303.1,23.8,84.8,1009.2,2.0,No rain expected,0,0,83.1
2026-04-08T04:47:54.317702,1,14.5,984.1,22.4,74.2,298.1,24.3,82.6,1008.2,2.5,No rain expected,0,0,81.6
2026-04-08T05:47:54.317702,1,15.3,997.1,23.3,73.6,286.9,23.2,82.4,1006.6,2.8,No rain expected,0,0,83.9
2026-04-08T06:47:54.317702,1,11.4,928.3,23.6,70.3,307.5,24.0,78.5,1007.9,3.8,No rain expected,0,0,85.5
2026-04-08T07:47:54.317702,1,13.0,936.3,24.0,71.5,289.4,26.3,77.5,1007.3,4.4,No rain expected,0,0,82.3
2026-04-08T08:47:54.317702,1,12.7,953.4,23.5,66.4,285.3,27.4,73.0,1006.0,4.0,No rain expected,0,0,83.0
2026-04-08T09:47:54.317702,1,11.4,934.5,24.1,62.1,300.8,28.3,65.9,1005.4,3.6,No rain expected,0,0,83.4
2026-04-08T10:47:54.317702,1,11.8,910.3,25.2,57.5,313.4,29.8,60.6,1004.9,3.0,No rain expected,0,0,81.1
2026-04-08T11:47:54.317702,1,12.0,921.4,25.8,64.2,313.6,32.1,63.4,1005.7,2.0,No rain expected,0,0,77.9
2026-04-08T12:47:54.317702,1,12.9,933.4,26.4,56.3,303.7,33.3,52.7,1005.0,1.7,No rain expected,0,0,76.3
2026-04-08T13:47:54.317702,1,12.3,951.0,26.5,61.4,290.6,33.5,57.4,1005.8,0.9,No rain expected,0,0,77.0
2026-04-08T14:47:54.317702,1,12.3,949.9,26.6,62.4,290.7,33.9,59.3,1005.7,0.8,No rain expected,0,0,76.2
2026-04-08T15:47:54.317702,1,12.5,955.0,27.1,57.9,311.6,32.8,56.1,1004.7,2.2,No rain expected,0,0,76.8
2026-04-08T16:47:54.317702,1,12.1,937.6,25.6,60.5,307.7,31.5,57.5,1004.2,2.4,No rain expected,0,0,79.6
2026-04-08T17:47:54.317702,1,12.5,952.5,26.6,61.7,299.2,32.7,64.3,1005.8,3.5,No rain expected,0,0,77.5
2026-04-08T18:47:54.317702,1,11.4,904.9,25.8,61.3,289.3,31.5,63.3,1004.4,3.8,No rain expected,0,0,79.9
2026-04-08T19:47:54.317702,1,11.7,937.0,23.9,63.1,287.1,29.2,64.3,1004.7,3.5,No rain expected,0,0,82.4
2026-04-08T20:47:54.317702,1,11.2,928.4,24.4,64.4,285.9,28.0,72.9,1006.0,4.1,No rain expected,0,0,83.1
2026-04-08T21:47:54.317702,1,11.4,923.2,23.7,63.0,309.1,27.9,70.7,1006.6,3.0,No rain expected,0,0,83.7
2026-04-08T22:47:54.317702,1,12.4,944.7,23.7,70.3,306.3,26.1,81.6,1006.4,2.6,No rain expected,0,0,82.9
2026-04-08T23:47:54.317702,1,11.8,911.2,22.7,70.1,297.7,25.9,78.9,1006.2,2.1,No rain expected,0,0,83.3
2026-04-09T00:47:54.317702,1,13.7,948.8,22.9,72.7,308.8,22.5,81.1,1007.1,0.9,No rain expected,0,0,84.7
2026-04-09T01:47:54.317702,1,12.1,911.8,22.8,68.4,309.5,23.1,80.3,1007.2,1.4,No rain expected,0,0,86.6
2026-04-09T02:47:54.317702,1,11.0,916.2,22.5,67.8,302.7,23.5,81.2,1007.2,1.5,No rain expected,0,0,86.0
2026-04-09T03:47:54.317702,1,14.0,975.8,22.4,72.8,289.5,22.0,85.9,1008.1,1.4,Rain expected,0,0,83.9
2026-04-09T04:47:54.317702,1,12.6,939.8,22.8,71.0,302.2,24.2,87.2,1008.0,2.8,No rain expected,0,0,84.5
2026-04-09T05:47:54.317702,1,12.1,946.9,23.2,66.9,299.0,23.7,78.0,1007.8,2.9,No rain expected,0,0,86.8
2026-04-09T06:47:54.317702,1,12.3,938.2,23.6,69.0,302.4,26.3,82.3,1009.0,3.4,No rain expected,0,0,83.3
2026-04-09T07:47:54.317702,1,12.9,944.3,23.3,67.2,312.6,26.6,70.0,1009.2,3.5,No rain expected,0,0,83.3
2026-04-09T08:47:54.317702,1,12.8,939.1,24.1,64.5,297.8,28.0,72.9,1009.9,4.0,No rain expected,0,0,82.6
2026-04-09T09:47:54.317702,1,12.8,941.2,24.7,62.5,305.4,30.6,64.8,1010.0,2.9,No rain expected,0,0,80.2
2026-04-09T10:47:54.317702,1,11.4,903.1,25.8,59.8,300.4,31.6,64.6,1010.6,2.0,No rain expected,0,0,80.0
2026-04-09T11:47:54.317702,1,12.3,917.9,24.9,61.1,305.0,30.8,60.5,1011.3,1.3,No rain expected,0,0,80.6
2026-04-09T12:47:54.317702,1,12.3,945.7,26.2,58.3,297.3,32.4,52.8,1011.1,1.3,No rain expected,0,0,78.1
2026-04-09T13:47:54.317702,1,12.7,925.2,27.3,55.8,300.1,33.4,53.6,1010.1,1.1,No rain expected,0,0,75.7
2026-04-09T14:47:54.317702,1,12.0,945.1,26.1,55.9,298.4,31.9,50.3,1011.9,0.8,No rain expected,0,0,78.0
2026-04-09T15:47:54.317702,1,12.5,933.4,27.1,58.3,286.9,33.7,53.7,1010.9,2.2,No rain expected,0,0,76.5
2026-04-09T16:47:54.317702,1,12.9,954.4,25.9,59.9,287.6,31.3,56.4,1010.4,2.1,No rain expected,0,0,79.7
2026-04-09T17:47:54.317702,1,12.5,921.9,25.5,60.0,307.4,32.3,63.0,1010.9,3.2,No rain expected,0,0,79.0
2026-04-09T18:47:54.317702,1,12.8,958.6,25.1,59.5,307.7,30.9,64.5,1010.0,4.2,No rain expected,0,0,80.1
2026-04-09T19:47:54.317702,1,11.3,917.1,24.2,64.9,293.3,29.2,69.7,1011.1,4.4,No rain expected,0,0,81.8
2026-04-09T20:47:54.317702,1,11.6,930.0,24.3,66.6,287.9,28.6,68.4,1009.9,3.9,No rain expected,0,0,81.8
2026-04-09T21:47:54.317702,1,13.0,933.0,23.7,69.6,291.2,28.1,74.2,1010.5,3.0,No rain expected,0,0,81.2
2026-04-09T22:47:54.317702,1,12.3,942.5,22.9,71.1,292.1,25.3,76.4,1010.9,2.9,No rain expected,0,0,83.8
2026-04-09T23:47:54.317702,1,12.5,924.5,23.2,70.1,297.0,24.0,84.0,1009.9,1.7,No rain expected,0,0,85.5
2026-04-10T00:47:54.317702,1,11.4,910.6,22.4,68.4,311.7,24.6,82.6,1010.0,1.0,Rain expected,0,0,84.3
2026-04-10T01:47:54.317702,1,15.5,979.9,22.2,73.5,311.2,23.0,83.6,1009.6,0.5,Rain expected,0,0,82.2
2026-04-10T02:47:54.317702,1,14.2,977.0,22.5,73.2,285.8,24.2,84.6,1009.4,1.7,No rain expected,0,0,82.6
2026-04-10T03:47:54.317702,1,13.5,946.1,22.9,71.4,299.4,22.1,83.1,1009.0,1.9,No rain expected,0,0,84.8
2026-04-10T04:47:54.317702,1,13.9,977.6,22.8,71.6,288.7,23.4,78.5,1008.8,2.2,No rain expected,0,0,84.7
2026-04-10T05:47:54.317702,1,12.7,939.5,22.5,66.1,311.5,23.5,77.0,1007.3,2.9,No rain expected,0,0,85.8
2026-04-10T06:47:54.317702,1,11.9,928.1,22.9,66.1,310.0,25.2,77.8,1007.8,4.1,No rain expected,0,0,85.4
2026-04-10T07:47:54.317702,1,11.3,910.4,23.9,65.4,304.0,25.2,75.2,1007.3,3.7,No rain expected,0,0,85.7
2026-04-10T08:47:54.317702,1,12.4,933.3,24.0,66.5,311.1,26.7,69.9,1006.6,3.5,No rain expected,0,0,83.3
2026-04-10T09:47:54.317702,1,12.7,948.4,25.0,62.8,313.2,30.5,71.0,1005.2,3.7,No rain expected,0,0,79.9
2026-04-10T10:47:54.317702,1,11.2,910.2,24.9,60.3,313.5,30.2,62.1,1005.6,2.9,No rain expected,0,0,81.7
2026-04-10T11:47:54.317702,1,12.3,929.6,25.4,60.8,286.5,31.0,57.7,1005.6,1.7,No rain expected,0,0,80.4
2026-04-10T12:47:54.317702,1,11.5,904.1,26.4,57.6,313.1,33.6,55.0,1004.7,1.6,No rain expected,0,0,76.9
2026-04-10T13:47:54.317702,1,11.8,911.7,26.6,60.8,303.1,32.3,57.1,1005.2,1.0,No rain expected,0,0,78.5
2026-04-10T14:47:54.317702,1,11.5,916.3,27.3,59.7,303.2,34.0,59.8,1005.0,1.1,No rain expected,0,0,76.7
2026-04-10T15:47:54.317702,1,12.4,919.7,26.4,59.9,301.7,33.1,57.6,1004.5,1.5,No rain expected,0,0,77.8
2026-04-10T16:47:54.317702,1,11.4,936.3,26.4,62.4,302.1,32.4,61.8,1005.5,2.4,No rain expected,0,0,78.0
2026-04-10T17:47:54.317702,1,12.5,954.8,25.7,60.3,290.0,30.8,58.4,1006.0,3.0,No rain expected,0,0,80.3
2026-04-10T18:47:54.317702,1,11.2,904.2,24.8,60.8,314.6,30.6,65.6,1005.3,3.7,No rain expected,0,0,81.2
2026-04-10T19:47:54.317702,1,12.3,924.4,23.9,60.7,304.3,28.3,66.3,1005.2,4.4,No rain expected,0,0,83.7
2026-04-10T20:47:54.317702,1,12.2,951.5,24.1,67.0,294.8,28.1,73.9,1006.0,4.0,No rain expected,0,0,81.9
2026-04-10T21:47:54.317702,1,12.2,945.9,23.6,68.6,295.0,25.9,78.1,1005.1,3.4,No rain expected,0,0,83.9
2026-04-10T22:47:54.317702,1,11.4,937.6,23.4,66.1,291.6,24.3,74.2,1005.4,2.1,No rain expected,0,0,86.6
2026-04-10T23:47:54.317702,1,11.3,915.0,23.4,68.5,310.2,25.7,79.1,1005.6,1.7,No rain expected,0,0,84.5
2026-04-11T00:47:54.317702,1,16.4,983.5,22.7,76.6,294.1,24.4,87.7,1005.7,0.8,No rain expected,0,0,81.1
2026-04-11T01:47:54.317702,1,13.0,931.4,22.1,67.6,289.3,24.2,79.6,1007.1,0.5,No rain expected,0,0,83.8
2026-04-11T02:47:54.317702,1,14.0,954.8,22.5,72.3,313.9,24.0,83.6,1007.1,1.4,No rain expected,0,0,82.9
2026-04-11T03:47:54.317702,1,15.7,997.0,22.3,75.6,310.3,22.4,88.3,1008.2,1.7,No rain expected,0,0,82.3
2026-04-11T04:47:54.317702,1,13.2,965.6,22.6,72.1,293.4,23.1,85.1,1007.1,2.6,No rain expected,0,0,84.5
2026-04-11T05:47:54.317702,1,12.9,944.3,22.9,70.7,308.1,23.2,81.2,1008.1,3.5,No rain expected,0,0,85.6
2026-04-11T06:47:54.317702,1,11.6,920.7,23.1,70.6,300.5,24.7,77.5,1007.8,4.0,No rain expected,0,0,85.0
2026-04-11T07:47:54.317702,1,11.4,933.7,23.9,65.7,311.4,27.6,73.3,1008.5,3.7,No rain expected,0,0,83.0
2026-04-11T08:47:54.317702,1,12.0,927.1,24.1,68.7,306.8,29.4,73.0,1008.8,3.9,No rain expected,0,0,80.1
2026-04-11T09:47:54.317702,1,12.1,921.7,24.4,61.6,309.4,27.9,69.1,1010.3,3.2,No rain expected,0,0,83.6
2026-04-11T10:47:54.317702,1,12.0,940.9,25.5,56.8,307.0,31.2,57.8,1010.2,2.0,No rain expected,0,0,79.2
2026-04-11T11:47:54.317702,1,12.2,921.1,25.9,59.7,304.2,32.7,61.8,1010.9,2.1,No rain expected,0,0,78.4
2026-04-11T12:47:54.317702,1,12.9,962.9,26.0,55.2,301.4,32.3,54.8,1010.1,1.5,No rain expected,0,0,77.0
2026-04-11T13:47:54.317702,1,11.4,902.7,26.5,58.8,307.9,32.0,56.6,1011.4,0.7,No rain expected,0,0,78.9
2026-04-11T14:47:54.317702,1,11.7,915.9,26.6,55.4,286.3,32.6,53.7,1010.7,1.5,No rain expected,0,0,77.3
2026-04-11T15:47:54.317702,1,12.3,945.6,26.2,58.6,302.5,31.4,60.3,1010.5,1.3,No rain expected,0,0,79.1
2026-04-11T16:47:54.317702,1,11.8,936.0,26.4,61.2,301.2,31.8,57.6,1011.2,2.4,No rain expected,0,0,78.9
2026-04-11T17:47:54.317702,1,11.4,932.5,26.2,61.0,300.9,32.9,57.1,1011.3,3.0,No rain expected,0,0,78.1
2026-04-11T18:47:54.317702,1,12.2,933.5,25.1,63.4,292.8,30.2,63.7,1010.9,3.3,No rain expected,0,0,80.5
2026-04-11T19:47:54.317702,1,12.6,944.4,24.1,65.0,311.5,30.2,64.2,1011.3,4.1,No rain expected,0,0,80.1
2026-04-11T20:47:54.317702,1,13.0,942.6,23.7,66.3,301.2,26.5,67.2,1011.4,3.8,No rain expected,0,0,83.6
2026-04-11T21:47:54.317702,1,12.5,956.4,23.8,69.2,312.7,25.4,75.8,1011.3,2.9,No rain expected,0,0,83.7
2026-04-11T22:47:54.317702,1,12.3,934.3,23.1,69.1,306.3,26.2,79.8,1010.5,2.0,No rain expected,0,0,83.6
2026-04-11T23:47:54.317702,1,13.2,936.3,23.3,71.5,313.1,24.2,79.4,1010.4,1.5,No rain expected,0,0,84.4
2026-04-12T00:47:54.317702,1,11.9,921.0,22.3,68.6,297.9,24.4,80.6,1009.1,1.2,No rain expected,0,0,84.1
2026-04-12T01:47:54.317702,1,14.2,965.1,22.5,72.0,304.8,23.9,85.1,1010.0,1.0,No rain expected,0,0,83.1
2026-04-12T02:47:54.317702,1,11.7,932.2,22.7,70.8,289.4,23.5,84.2,1008.2,1.1,No rain expected,0,0,85.5
2026-04-12T03:47:54.317702,1,13.5,942.6,22.5,72.8,285.1,22.6,84.0,1009.2,2.2,No rain expected,0,0,84.7
2026-04-12T04:47:54.317702,1,14.2,969.2,23.1,73.2,310.1,23.2,85.3,1007.8,2.5,No rain expected,0,0,84.5
2026-04-12T05:47:54.317702,1,15.9,985.2,22.5,74.1,301.3,23.8,85.2,1006.9,3.5,No rain expected,0,0,82.0
2026-04-12T06:47:54.317702,1,12.6,942.3,23.1,66.6,288.0,24.4,72.8,1008.0,3.3,No rain expected,0,0,86.2
2026-04-12T07:47:54.317702,1,11.4,904.1,23.6,70.3,299.4,27.7,76.7,1005.9,4.4,No rain expected,0,0,82.0
2026-04-12T08:47:54.317702,1,11.5,907.0,24.3,62.8,294.5,26.9,71.4,1006.9,3.9,No rain expected,0,0,84.7
2026-04-12T09:47:54.317702,1,11.8,911.6,24.8,64.7,301.2,29.2,70.6,1006.4,3.0,No rain expected,0,0,81.4
2026-04-12T10:47:54.317702,1,11.8,931.9,25.8,60.6,296.0,31.8,60.5,1006.3,2.2,No rain expected,0,0,79.5
2026-04-12T11:47:54.317702,1,11.7,919.5,25.4,54.8,302.7,31.2,55.5,1005.5,1.6,No rain expected,0,0,78.9
2026-04-12T12:47:54.317702,1,12.4,948.6,26.3,58.1,294.2,31.3,53.7,1004.9,1.3,No rain expected,0,0,79.1
2026-04-12T13:47:54.317702,1,11.4,910.1,26.3,56.2,295.2,33.0,54.0,1006.0,1.3,No rain expected,0,0,77.3
2026-04-12T14:47:54.317702,1,11.8,940.1,27.4,58.7,294.0,33.9,52.8,1005.8,1.5,No rain expected,0,0,76.3
2026-04-12T15:47:54.317702,1,11.6,921.7,26.8,55.3,286.0,33.4,51.5,1006.0,1.3,No rain expected,0,0,76.4
2026-04-12T16:47:54.317702,1,12.1,933.5,26.9,62.7,285.8,33.8,60.8,1005.5,2.7,No rain expected,0,0,76.3
2026-04-12T17:47:54.317702,1,12.3,943.1,25.8,59.1,285.7,31.6,57.9,1004.5,3.5,No rain expected,0,0,79.5
2026-04-12T18:47:54.317702,1,13.0,949.1,25.9,58.3,309.7,31.6,62.2,1005.3,3.4,No rain expected,0,0,78.7
2026-04-12T19:47:54.317702,1,12.5,944.6,23.9,63.1,300.4,29.7,66.3,1005.2,4.5,No rain expected,0,0,81.4
2026-04-12T20:47:54.317702,1,12.7,952.8,23.9,69.5,299.4,28.4,74.1,1005.1,3.4,No rain expected,0,0,80.7
2026-04-12T21:47:54.317702,1,12.8,922.5,23.7,68.5,290.8,25.7,73.8,1006.2,3.3,No rain expected,0,0,84.1
2026-04-12T22:47:54.317702,1,12.2,943.6,23.0,67.7,303.2,24.5,72.7,1005.9,2.2,No rain expected,0,0,85.8
2026-04-12T23:47:54.317702,1,13.8,941.6,22.9,72.9,286.0,24.3,81.8,1005.6,1.7,Rain expected,0,0,83.9
2026-04-13T00:47:54.317702,1,17.0,1014.9,23.1,76.3,286.9,24.7,87.7,1007.0,0.9,No rain expected,0,0,81.3
2026-04-13T01:47:54.317702,1,12.6,943.1,23.0,70.3,298.7,22.6,85.7,1006.0,1.0,No rain expected,0,0,86.0
2026-04-13T02:47:54.317702,1,17.4,1018.6,22.7,76.1,288.3,21.6,87.3,1006.5,1.3,No rain expected,0,0,81.4
2026-04-13T03:47:54.317702,1,12.2,924.5,22.8,71.2,289.3,22.5,84.7,1006.9,1.7,No rain expected,0,0,85.9
2026-04-13T04:47:54.317702,1,11.2,932.2,22.3,69.7,303.4,24.8,84.4,1007.0,2.7,No rain expected,0,0,83.5
2026-04-13T05:47:54.317702,1,12.4,928.4,22.7,67.7,285.2,24.1,78.8,1007.5,3.6,No rain expected,0,0,85.6
2026-04-13T06:47:54.317702,1,12.1,918.7,23.4,65.3,306.1,24.9,73.2,1009.0,3.3,No rain expected,0,0,86.0
2026-04-13T07:47:54.317702,1,11.6,927.7,23.7,65.9,292.7,27.3,70.7,1008.2,3.6,No rain expected,0,0,83.5
2026-04-13T08:47:54.317702,1,12.5,954.0,23.8,66.6,298.5,28.8,73.7,1010.1,3.7,No rain expected,0,0,81.3
2026-04-13T09:47:54.317702,1,11.2,915.4,24.8,66.0,303.5,30.7,69.9,1010.5,3.5,No rain expected,0,0,79.6
2026-04-13T10:47:54.317702,1,11.2,937.1,24.5,63.0,303.0,30.5,63.9,1009.4,2.2,No rain expected,0,0,80.8
2026-04-13T11:47:54.317702,1,12.7,922.3,26.5,60.8,301.7,32.6,58.9,1010.6,1.4,No rain expected,0,0,78.0
2026-04-13T12:47:54.317702,1,11.2,923.3,26.2,58.5,304.9,32.5,59.6,1011.0,1.0,No rain expected,0,0,78.4
2026-04-13T13:47:54.317702,1,12.3,916.3,26.9,59.5,300.3,34.2,54.9,1011.7,1.0,No rain expected,0,0,76.4
2026-04-13T14:47:54.317702,1,12.0,924.8,25.8,54.3,311.0,31.9,53.0,1011.5,0.8,No rain expected,0,0,77.6
2026-04-13T15:47:54.317702,1,12.7,921.9,26.6,58.9,285.3,33.9,60.0,1011.0,2.1,No rain expected,0,0,76.7
2026-04-13T16:47:54.317702,1,12.9,950.6,25.9,55.2,294.1,31.4,54.4,1010.9,2.2,No rain expected,0,0,78.1
2026-04-13T17:47:54.317702,1,12.8,948.9,25.8,60.9,301.1,32.8,63.8,1010.7,2.9,No rain expected,0,0,77.9
2026-04-13T18:47:54.317702,1,12.8,945.4,25.4,60.4,296.1,31.5,64.4,1010.7,3.9,No rain expected,0,0,79.6
2026-04-13T19:47:54.317702,1,12.1,939.7,24.1,65.1,301.1,28.6,66.0,1010.4,4.3,No rain expected,0,0,82.0
2026-04-13T20:47:54.317702,1,11.9,939.7,23.6,67.2,310.8,27.3,71.4,1010.7,4.1,No rain expected,0,0,82.8
2026-04-13T21:47:54.317702,1,11.3,907.7,23.6,66.7,292.5,27.2,74.4,1010.4,3.2,No rain expected,0,0,83.7
2026-04-13T22:47:54.317702,1,11.7,916.7,23.0,63.9,295.4,26.0,72.6,1010.7,2.0,No rain expected,0,0,85.8
2026-04-13T23:47:54.317702,1,13.6,967.7,22.7,70.8,304.2,24.9,82.8,1008.9,1.3,No rain expected,0,0,83.1
2026-04-14T00:47:54.317702,1,13.5,952.4,23.2,72.3,310.2,23.2,87.5,1009.7,0.7,No rain expected,0,0,85.1
2026-04-14T01:47:54.317702,1,11.9,938.9,22.4,67.5,289.3,22.5,80.1,1009.4,0.9,No rain expected,0,0,86.6
2026-04-14T02:47:54.317702,1,12.9,935.0,22.7,72.3,309.4,22.5,88.0,1008.7,0.8,No rain expected,0,0,85.0
2026-04-14T03:47:54.317702,1,12.0,926.0,22.9,70.4,285.6,22.6,80.0,1007.5,1.7,No rain expected,0,0,86.4
2026-04-14T04:47:54.317702,1,14.3,980.7,22.5,71.9,313.3,23.5,80.0,1008.9,2.5,No rain expected,0,0,83.3
2026-04-14T05:47:54.317702,1,14.5,948.6,22.7,72.9,285.1,25.5,84.5,1007.1,3.0,Rain expected,0,0,81.9
2026-04-14T06:47:54.317702,1,12.6,927.9,23.3,66.2,292.7,26.3,76.2,1006.4,4.1,No rain expected,0,0,84.4
2026-04-14T07:47:54.317702,1,12.8,932.2,24.1,63.9,303.2,27.5,69.9,1006.6,3.8,No rain expected,0,0,83.2
2026-04-14T08:47:54.317702,1,11.6,918.8,24.2,62.2,311.5,27.3,65.3,1006.7,3.4,No rain expected,0,0,84.2
2026-04-14T09:47:54.317702,1,11.9,923.9,24.7,63.5,310.0,28.1,70.2,1006.5,3.2,No rain expected,0,0,82.7
2026-04-14T10:47:54.317702,1,11.1,921.1,24.7,59.3,300.1,29.1,62.0,1006.3,2.0,No rain expected,0,0,82.9
2026-04-14T11:47:54.317702,1,13.0,940.3,25.6,60.5,300.9,30.9,60.0,1005.4,1.8,No rain expected,0,0,80.0
2026-04-14T12:47:54.317702,1,13.0,932.1,25.9,58.7,307.1,32.2,52.8,1005.6,1.3,No rain expected,0,0,78.3
2026-04-14T13:47:54.317702,1,11.3,938.7,25.8,61.9,305.9,31.6,59.2,1005.1,0.5,No rain expected,0,0,79.3
2026-04-14T14:47:54.317702,1,11.6,908.3,26.1,58.0,312.5,31.6,59.1,1006.0,1.0,No rain expected,0,0,79.1
2026-04-14T15:47:54.317702,1,12.6,924.1,25.9,54.7,291.7,31.8,54.1,1005.8,1.7,No rain expected,0,0,77.9
2026-04-14T16:47:54.317702,1,11.5,907.2,25.9,57.2,293.3,32.6,60.1,1005.5,2.0,No rain expected,0,0,78.2
2026-04-14T17:47:54.317702,1,12.8,930.7,26.3,61.2,310.1,32.1,61.5,1004.1,2.8,No rain expected,0,0,78.3
2026-04-14T18:47:54.317702,1,12.2,933.0,25.7,62.2,311.8,32.0,67.2,1005.6,3.9,No rain expected,0,0,78.5
2026-04-14T19:47:54.317702,1,12.1,911.9,24.1,61.6,313.6,28.7,64.7,1005.6,4.0,No rain expected,0,0,82.9
2026-04-14T20:47:54.317702,1,11.9,914.0,23.5,60.2,293.4,27.5,65.4,1005.7,3.6,No rain expected,0,0,85.1
2026-04-14T21:47:54.317702,1,12.6,919.1,23.9,68.3,314.0,25.7,78.0,1006.4,2.8,No rain expected,0,0,83.8
2026-04-14T22:47:54.317702,1,11.0,907.9,23.6,69.6,289.3,26.8,78.4,1005.2,2.3,No rain expected,0,0,83.3
2026-04-14T23:47:54.317702,1,12.6,929.1,22.6,68.3,287.2,23.5,76.5,1007.1,2.1,No rain expected,0,0,85.7
2026-04-15T00:47:54.317702,1,14.6,985.6,22.8,72.8,298.1,24.5,82.2,1007.0,1.5,No rain expected,0,0,82.8
2026-04-15T01:47:54.317702,1,15.3,991.3,22.9,73.3,286.6,24.3,85.9,1006.4,1.3,No rain expected,0,0,83.0
2026-04-15T02:47:54.317702,1,14.6,956.2,22.8,72.1,297.4,24.0,88.5,1007.6,1.1,No rain expected,0,0,83.7
2026-04-15T03:47:54.317702,1,11.9,946.5,22.8,71.1,311.4,23.5,87.4,1007.8,2.2,No rain expected,0,0,85.2
2026-04-15T04:47:54.317702,1,15.3,997.4,22.3,73.8,311.5,23.3,87.7,1008.8,2.9,No rain expected,0,0,82.0
2026-04-15T05:47:54.317702,1,12.4,949.7,22.9,66.4,296.5,25.0,77.1,1009.4,3.5,No rain expected,0,0,85.4
2026-04-15T06:47:54.317702,1,11.1,926.0,23.4,69.1,313.7,24.7,81.7,1008.6,3.5,Rain expected,0,0,85.2
2026-04-15T07:47:54.317702,1,12.1,948.0,24.0,69.6,309.4,25.2,73.6,1008.6,3.5,No rain expected,0,0,83.9
2026-04-15T08:47:54.317702,1,11.1,931.9,24.4,65.0,298.3,28.4,73.4,1010.3,3.3,No rain expected,0,0,82.4
2026-04-15T09:47:54.317702,1,12.4,951.8,24.9,66.4,303.8,29.1,68.2,1009.3,3.3,No rain expected,0,0,80.5
2026-04-15T10:47:54.317702,1,11.9,914.5,25.0,62.4,304.5,30.3,63.4,1010.2,2.8,No rain expected,0,0,80.8
2026-04-15T11:47:54.317702,1,11.7,912.0,25.8,59.7,306.1,31.3,58.1,1011.2,2.0,No rain expected,0,0,80.1
2026-04-15T12:47:54.317702,1,11.5,927.5,25.9,61.7,310.2,32.6,60.6,1010.0,1.4,No rain expected,0,0,78.2
2026-04-15T13:47:54.317702,1,12.6,939.3,26.4,58.4,293.9,31.9,52.6,1010.3,1.4,No rain expected,0,0,78.5
2026-04-15T14:47:54.317702,1,12.2,945.4,26.7,54.4,307.7,34.1,50.5,1010.7,1.4,No rain expected,0,0,74.9
2026-04-15T15:47:54.317702,1,11.5,917.7,26.3,54.6,310.3,33.2,51.3,1010.2,1.9,No rain expected,0,0,76.4
2026-04-15T16:47:54.317702,1,12.8,945.3,27.0,56.8,286.3,33.6,53.6,1011.6,2.0,No rain expected,0,0,76.0
2026-04-15T17:47:54.317702,1,11.7,932.4,26.0,58.9,289.9,31.9,56.1,1010.1,2.8,No rain expected,0,0,79.2
2026-04-15T18:47:54.317702,1,12.7,959.3,25.1,63.2,295.5,31.8,67.4,1010.5,3.7,No rain expected,0,0,78.6
2026-04-15T19:47:54.317702,1,11.9,924.1,24.8,63.4,303.6,30.5,70.5,1011.3,3.6,No rain expected,0,0,80.3
2026-04-15T20:47:54.317702,1,11.6,941.5,23.7,62.3,299.4,27.4,65.5,1009.8,3.4,No rain expected,0,0,84.4
2026-04-15T21:47:54.317702,1,11.1,928.9,23.5,64.3,310.8,26.8,72.5,1010.1,3.1,No rain expected,0,0,84.5
2026-04-15T22:47:54.317702,1,12.2,952.1,22.9,69.8,301.8,25.4,80.7,1011.1,2.1,No rain expected,0,0,83.9
2026-04-15T23:47:54.317702,1,15.1,980.5,23.4,74.4,305.5,24.5,84.2,1010.0,2.2,No rain expected,0,0,82.4
2026-04-16T00:47:54.317702,1,12.7,956.8,23.1,68.4,292.2,23.2,79.1,1009.5,1.2,No rain expected,0,0,86.7
2026-04-16T01:47:54.317702,1,11.5,917.0,22.1,70.2,306.8,22.8,81.1,1010.0,1.2,No rain expected,0,0,84.8
2026-04-16T02:47:54.317702,1,14.2,957.6,22.4,71.6,301.1,21.8,84.9,1008.5,1.3,No rain expected,0,0,83.9
2026-04-16T03:47:54.317702,1,16.0,974.9,22.9,75.4,294.1,24.5,89.1,1007.7,1.5,No rain expected,0,0,82.0
2026-04-16T04:47:54.317702,1,13.3,955.4,22.9,71.3,298.1,22.9,78.1,1008.7,2.7,No rain expected,0,0,85.7
2026-04-16T05:47:54.317702,1,12.4,952.8,23.0,67.4,289.2,23.4,80.2,1006.8,3.0,No rain expected,0,0,87.0
2026-04-16T06:47:54.317702,1,14.4,976.8,23.0,73.2,287.7,25.6,81.9,1007.0,3.4,Rain expected,0,0,82.3
2026-04-16T07:47:54.317702,1,14.2,973.6,23.6,72.3,294.3,27.2,78.8,1007.8,4.0,No rain expected,0,0,80.7
2026-04-16T08:47:54.317702,1,11.5,935.3,24.1,67.2,301.8,28.5,71.7,1005.9,3.5,No rain expected,0,0,81.6
2026-04-16T09:47:54.317702,1,12.0,910.3,24.9,61.9,291.0,30.1,65.0,1006.1,3.6,No rain expected,0,0,81.3
2026-04-16T10:47:54.317702,1,12.4,942.3,24.5,59.8,310.6,29.7,59.5,1005.1,2.4,No rain expected,0,0,81.9
2026-04-16T11:47:54.317702,1,12.2,918.6,25.2,61.5,307.1,31.2,57.7,1006.5,2.1,No rain expected,0,0,79.9
2026-04-16T12:47:54.317702,1,11.9,941.9,26.1,61.3,294.6,32.9,60.9,1004.5,0.8,No rain expected,0,0,77.9
2026-04-16T13:47:54.317702,1,11.7,941.7,26.4,55.4,300.0,31.7,54.8,1005.6,0.9,No rain expected,0,0,78.0
2026-04-16T14:47:54.317702,1,11.4,906.8,26.2,57.6,299.5,31.8,51.4,1005.7,1.4,No rain expected,0,0,78.9
2026-04-16T15:47:54.317702,1,11.9,947.4,26.5,59.9,291.2,32.1,55.8,1004.4,2.2,No rain expected,0,0,78.9
2026-04-16T16:47:54.317702,1,11.7,923.5,26.1,59.5,287.5,32.6,59.0,1005.7,2.9,No rain expected,0,0,78.7
2026-04-16T17:47:54.317702,1,12.2,922.9,25.2,56.4,288.7,30.4,56.0,1004.1,3.4,No rain expected,0,0,80.3
2026-04-16T18:47:54.317702,1,11.4,912.2,25.1,56.8,290.2,30.7,58.9,1005.8,3.5,No rain expected,0,0,80.4
2026-04-16T19:47:54.317702,1,11.8,919.1,24.8,61.9,287.0,29.6,67.6,1004.4,3.8,No rain expected,0,0,82.0
2026-04-16T20:47:54.317702,1,12.3,929.4,24.1,68.1,287.6,27.7,74.3,1005.9,3.6,No rain expected,0,0,82.1
2026-04-16T21:47:54.317702,1,12.7,929.8,23.6,62.9,286.1,27.0,70.6,1006.0,3.7,No rain expected,0,0,84.5
2026-04-16T22:47:54.317702,1,12.6,922.6,23.4,66.6,314.6,25.4,76.8,1005.2,2.2,No rain expected,0,0,84.8
2026-04-16T23:47:54.317702,1,12.2,934.0,22.7,70.4,310.3,23.2,82.7,1006.1,1.6,No rain expected,0,0,85.5
2026-04-17T00:47:54.317702,1,11.3,932.2,22.6,69.8,285.2,23.8,79.6,1007.0,0.8,No rain expected,0,0,85.4
2026-04-17T01:47:54.317702,1,13.8,966.3,22.3,73.5,297.4,23.2,84.6,1006.2,1.1,Rain expected,0,0,83.0
2026-04-17T02:47:54.317702,1,13.9,972.6,22.0,71.3,294.1,23.0,85.8,1007.9,1.7,No rain expected,0,0,83.1
2026-04-17T03:47:54.317702,1,15.2,991.0,22.6,73.6,286.9,24.0,85.5,1007.0,2.1,No rain expected,0,0,82.5
2026-04-17T04:47:54.317702,1,15.9,971.6,22.4,73.6,310.0,24.2,84.7,1008.0,2.3,No rain expected,0,0,81.4
2026-04-17T05:47:54.317702,1,14.4,952.8,23.2,72.5,290.8,24.3,79.8,1008.7,3.1,No rain expected,0,0,83.9
2026-04-17T06:47:54.317702,1,14.1,968.8,23.6,71.5,290.2,25.8,78.1,1008.1,3.5,No rain expected,0,0,82.5
2026-04-17T07:47:54.317702,1,12.3,923.2,23.4,65.6,285.8,27.7,74.9,1008.7,4.5,No rain expected,0,0,83.3
2026-04-17T08:47:54.317702,1,12.0,925.4,24.1,65.9,293.2,27.2,68.5,1010.0,3.7,No rain expected,0,0,83.3
2026-04-17T09:47:54.317702,1,11.2,905.6,24.6,66.3,308.9,30.3,68.9,1008.9,3.4,No rain expected,0,0,80.0
2026-04-17T10:47:54.317702,1,12.2,926.6,24.3,58.6,292.9,29.6,58.7,1009.3,2.4,No rain expected,0,0,82.1
2026-04-17T11:47:54.317702,1,12.5,956.5,25.6,61.9,310.8,32.1,58.7,1010.2,1.6,No rain expected,0,0,78.3
2026-04-17T12:47:54.317702,1,11.8,927.7,26.4,55.0,298.6,31.8,55.9,1011.6,1.4,No rain expected,0,0,77.8
2026-04-17T13:47:54.317702,1,11.0,925.6,26.9,57.3,297.0,33.4,55.5,1011.0,0.8,No rain expected,0,0,76.9
2026-04-17T14:47:54.317702,1,12.9,949.5,25.9,58.5,303.4,31.8,51.3,1011.5,0.8,No rain expected,0,0,78.6
2026-04-17T15:47:54.317702,1,11.2,931.0,26.8,57.5,302.2,33.6,50.6,1011.8,2.0,No rain expected,0,0,76.7
2026-04-17T16:47:54.317702,1,12.8,951.5,26.7,58.2,306.3,33.0,54.4,1011.8,2.3,No rain expected,0,0,76.9
2026-04-17T17:47:54.317702,1,11.7,916.2,25.8,58.1,307.7,31.6,59.4,1010.9,3.2,No rain expected,0,0,79.2
2026-04-17T18:47:54.317702,1,12.3,930.1,25.1,64.9,291.3,30.1,64.8,1011.1,3.6,No rain expected,0,0,80.1
2026-04-17T19:47:54.317702,1,12.3,932.8,24.4,67.2,313.5,30.1,69.3,1011.3,4.4,No rain expected,0,0,79.5
2026-04-17T20:47:54.317702,1,12.3,940.9,24.4,64.1,287.3,27.4,68.9,1010.9,3.9,No rain expected,0,0,83.4
2026-04-17T21:47:54.317702,1,12.7,923.6,23.2,67.2,313.0,27.8,69.0,1010.3,3.5,No rain expected,0,0,82.4
2026-04-17T22:47:54.317702,1,12.2,944.1,22.9,67.4,289.8,24.6,77.0,1010.1,2.6,No rain expected,0,0,85.7
2026-04-17T23:47:54.317702,1,11.8,907.3,22.6,69.3,290.5,24.4,78.9,1009.6,1.5,No rain expected,0,0,84.9
2026-04-18T00:47:54.317702,1,12.1,935.6,22.2,69.6,290.1,23.9,79.3,1010.4,1.4,No rain expected,0,0,84.0
2026-04-18T01:47:54.317702,1,13.7,956.1,22.5,73.1,307.2,24.2,80.4,1008.5,0.7,No rain expected,0,0,82.6
2026-04-18T02:47:54.317702,1,14.0,977.3,22.1,72.7,293.0,21.7,89.9,1008.7,1.6,No rain expected,0,0,83.4
2026-04-18T03:47:54.317702,1,11.7,907.6,22.3,70.7,306.4,23.9,85.9,1007.9,1.4,No rain expected,0,0,84.0
2026-04-18T04:47:54.317702,1,16.1,971.7,22.9,75.2,303.9,23.8,86.1,1008.9,2.9,No rain expected,0,0,82.6
2026-04-18T05:47:54.317702,1,14.4,964.7,22.6,71.9,292.6,25.6,85.2,1008.5,3.3,No rain expected,0,0,81.7
2026-04-18T06:47:54.317702,1,11.3,909.2,22.9,65.7,309.7,24.9,73.5,1007.6,3.7,No rain expected,0,0,86.1
2026-04-18T07:47:54.317702,1,12.4,942.9,23.4,65.3,297.9,25.7,70.1,1006.7,3.6,No rain expected,0,0,85.1
2026-04-18T08:47:54.317702,1,12.5,924.1,23.6,65.6,308.0,29.4,67.6,1007.2,3.4,No rain expected,0,0,81.2
2026-04-18T09:47:54.317702,1,12.6,944.4,24.3,67.3,303.6,28.9,69.4,1006.1,3.1,No rain expected,0,0,80.7
2026-04-18T10:47:54.317702,1,11.3,909.2,24.6,59.6,286.4,30.0,60.3,1005.5,2.4,No rain expected,0,0,82.3
2026-04-18T11:47:54.317702,1,12.3,948.1,26.3,58.5,297.6,33.0,54.9,1006.5,2.1,No rain expected,0,0,77.5
2026-04-18T12:47:54.317702,1,12.7,928.8,25.7,57.2,308.8,31.6,59.5,1005.8,1.3,No rain expected,0,0,78.6
2026-04-18T13:47:54.317702,1,12.6,935.3,26.2,61.8,310.5,32.0,57.8,1005.1,1.2,No rain expected,0,0,78.3
2026-04-18T14:47:54.317702,1,11.6,907.0,26.7,56.8,310.1,31.9,53.3,1005.3,1.2,No rain expected,0,0,78.2
2026-04-18T15:47:54.317702,1,12.0,924.2,26.3,60.8,303.0,31.9,59.2,1005.5,1.5,No rain expected,0,0,78.9
2026-04-18T16:47:54.317702,1,12.1,926.4,26.9,59.5,295.7,33.3,60.4,1004.6,2.7,No rain expected,0,0,77.4
2026-04-18T17:47:54.317702,1,12.7,923.0,25.3,59.1,289.2,30.6,56.2,1005.8,3.3,No rain expected,0,0,80.7
2026-04-18T18:47:54.317702,1,12.6,943.8,24.6,61.8,314.9,29.2,64.0,1005.8,4.0,No rain expected,0,0,81.8
2026-04-18T19:47:54.317702,1,12.3,921.9,24.4,65.2,300.7,29.4,67.3,1004.5,3.6,No rain expected,0,0,81.0
2026-04-18T20:47:54.317702,1,12.0,928.5,23.8,63.2,295.3,28.0,68.7,1005.1,4.1,No rain expected,0,0,83.4
2026-04-18T21:47:54.317702,1,12.7,922.3,23.4,71.3,308.4,25.7,78.1,1006.6,3.0,No rain expected,0,0,83.2
2026-04-18T22:47:54.317702,1,13.2,966.9,23.3,71.3,306.2,25.8,82.2,1006.6,2.2,No rain expected,0,0,82.8
2026-04-18T23:47:54.317702,1,13.4,932.8,22.6,72.8,296.8,25.9,82.7,1006.5,2.0,No rain expected,0,0,81.6
2026-04-19T00:47:54.317702,1,12.9,933.9,22.4,69.1,293.5,22.2,83.6,1006.1,1.2,No rain expected,0,0,85.7
2026-04-19T01:47:54.317702,1,13.7,974.1,22.8,72.0,297.7,22.2,84.1,1006.2,1.3,No rain expected,0,0,84.5
2026-04-19T02:47:54.317702,1,14.0,966.0,22.9,73.6,288.7,23.8,82.1,1006.6,1.6,Rain expected,0,0,83.9
2026-04-19T03:47:54.317702,1,16.5,987.1,22.7,76.2,289.4,24.5,88.1,1007.9,1.8,No rain expected,0,0,81.1
2026-04-19T04:47:54.317702,1,12.5,941.9,22.7,67.4,299.6,24.0,79.1,1008.6,2.1,No rain expected,0,0,85.6
2026-04-19T05:47:54.317702,1,13.6,934.9,22.8,71.1,289.7,23.6,77.2,1009.2,3.1,No rain expected,0,0,84.9
2026-04-19T06:47:54.317702,1,12.7,933.1,23.0,69.6,313.9,26.5,78.7,1008.2,4.3,No rain expected,0,0,83.0
2026-04-19T07:47:54.317702,1,11.3,912.8,23.7,68.7,296.7,28.0,77.2,1009.0,3.6,No rain expected,0,0,82.1
2026-04-19T08:47:54.317702,1,12.8,960.4,23.5,64.2,286.3,26.9,69.9,1009.2,3.5,No rain expected,0,0,84.1
2026-04-19T09:47:54.317702,1,11.5,911.8,24.6,64.8,307.7,29.6,68.5,1010.3,3.7,No rain expected,0,0,81.1
2026-04-19T10:47:54.317702,1,12.1,920.2,24.8,61.1,288.3,30.4,65.0,1009.6,2.2,No rain expected,0,0,81.3
2026-04-19T11:47:54.317702,1,12.8,956.4,25.4,59.0,299.2,30.5,55.0,1011.1,1.7,No rain expected,0,0,80.4
2026-04-19T12:47:54.317702,1,11.1,923.4,26.1,58.2,297.5,31.5,58.9,1010.9,1.2,No rain expected,0,0,79.5
2026-04-19T13:47:54.317702,1,12.7,921.5,26.5,58.8,307.3,31.6,54.3,1011.4,1.1,No rain expected,0,0,78.8
2026-04-19T14:47:54.317702,1,12.5,951.8,26.0,56.1,306.2,32.0,51.2,1010.9,1.4,No rain expected,0,0,77.7
2026-04-19T15:47:54.317702,1,12.2,935.2,26.8,56.0,296.7,32.4,58.0,1010.3,1.7,No rain expected,0,0,77.2
2026-04-19T16:47:54.317702,1,11.1,913.6,26.5,58.6,303.0,32.6,55.6,1011.6,3.0,No rain expected,0,0,78.3
2026-04-19T17:47:54.317702,1,13.0,925.7,25.6,56.3,292.8,30.3,57.1,1010.6,2.9,No rain expected,0,0,79.8
2026-04-19T18:47:54.317702,1,12.2,945.0,24.7,62.1,309.1,29.3,63.9,1010.1,3.3,No rain expected,0,0,81.7
2026-04-19T19:47:54.317702,1,11.9,925.9,23.9,63.9,289.9,28.2,68.8,1010.7,4.2,No rain expected,0,0,83.1
2026-04-19T20:47:54.317702,1,11.2,931.2,24.3,64.0,302.4,27.4,65.1,1010.2,4.3,No rain expected,0,0,83.7
2026-04-19T21:47:54.317702,1,12.6,931.7,23.7,66.7,299.6,25.5,70.1,1009.7,2.8,No rain expected,0,0,84.7
2026-04-19T22:47:54.317702,1,12.8,939.2,23.6,65.9,306.6,25.6,76.8,1010.2,2.5,No rain expected,0,0,84.7
2026-04-19T23:47:54.317702,1,12.1,912.4,23.3,69.4,288.1,25.3,83.1,1009.7,1.8,No rain expected,0,0,84.7
2026-04-20T00:47:54.317702,1,14.7,955.1,23.1,74.2,311.8,24.7,86.0,1010.1,1.1,No rain expected,0,0,82.6
2026-04-20T01:47:54.317702,1,14.6,971.2,22.6,73.8,311.4,22.5,84.0,1010.0,0.8,Rain expected,0,0,83.7
2026-04-20T02:47:54.317702,1,16.4,987.0,22.5,75.7,309.7,23.5,86.3,1009.6,1.1,No rain expected,0,0,81.5
2026-04-20T03:47:54.317702,1,16.3,1006.3,23.0,74.3,295.5,23.6,85.4,1007.7,2.2,No rain expected,0,0,83.2
2026-04-20T04:47:54.317702,1,11.8,930.1,22.9,68.8,302.2,23.6,81.6,1007.9,2.6,No rain expected,0,0,86.3
2026-04-20T05:47:54.317702,1,11.9,920.5,22.6,69.6,314.3,25.3,77.4,1006.8,3.2,No rain expected,0,0,83.5
2026-04-20T06:47:54.317702,1,13.2,940.6,23.5,70.5,287.2,25.6,79.9,1007.4,3.5,No rain expected,0,0,83.5
2026-04-20T07:47:54.317702,1,12.8,953.3,23.7,68.2,293.8,26.3,77.5,1006.9,4.2,No rain expected,0,0,83.3
2026-04-20T08:47:54.317702,1,11.6,925.3,24.3,66.2,302.1,28.1,72.9,1006.6,4.2,No rain expected,0,0,82.3
2026-04-20T09:47:54.317702,1,12.3,946.0,24.9,60.5,294.2,30.3,62.5,1006.8,2.9,No rain expected,0,0,81.2
2026-04-20T10:47:54.317702,1,11.2,906.1,24.8,59.7,295.3,30.8,62.5,1005.2,2.6,No rain expected,0,0,81.4
2026-04-20T11:47:54.317702,1,12.8,927.4,25.2,59.4,291.8,30.8,57.9,1004.8,1.9,No rain expected,0,0,80.5
2026-04-20T12:47:54.317702,1,12.7,949.9,25.9,56.4,305.6,32.8,54.4,1004.7,0.9,No rain expected,0,0,77.0
2026-04-20T13:47:54.317702,1,11.5,921.4,26.7,56.8,315.0,33.4,57.9,1005.7,1.1,No rain expected,0,0,76.6
2026-04-20T14:47:54.317702,1,12.5,925.6,26.9,57.7,295.0,34.0,58.5,1005.6,1.1,No rain expected,0,0,76.0
2026-04-20T15:47:54.317702,1,12.4,936.1,26.5,59.2,288.3,31.9,55.2,1006.0,2.2,No rain expected,0,0,78.8
2026-04-20T16:47:54.317702,1,12.5,928.8,26.2,58.5,304.1,32.5,53.5,1004.8,2.7,No rain expected,0,0,78.0
2026-04-20T17:47:54.317702,1,11.9,941.6,24.9,58.5,295.8,30.2,57.3,1005.4,3.0,No rain expected,0,0,81.2
2026-04-20T18:47:54.317702,1,12.2,920.7,25.3,63.0,290.9,31.9,61.2,1004.2,3.3,No rain expected,0,0,78.9
2026-04-20T19:47:54.317702,1,12.2,922.1,24.4,62.1,299.6,27.9,68.5,1004.4,3.8,No rain expected,0,0,83.5
2026-04-20T20:47:54.317702,1,11.7,932.8,24.4,65.5,289.3,29.1,68.6,1005.2,4.1,No rain expected,0,0,81.5
2026-04-20T21:47:54.317702,1,11.1,918.1,23.3,65.1,310.3,26.7,71.3,1006.6,3.7,No rain expected,0,0,84.6
2026-04-20T22:47:54.317702,1,11.7,920.8,23.2,65.2,310.5,24.7,76.1,1005.2,2.8,No rain expected,0,0,86.4
2026-04-20T23:47:54.317702,1,11.4,925.7,23.3,66.3,315.0,25.0,76.8,1007.1,1.5,No rain expected,0,0,85.7
2026-04-21T00:47:54.317702,1,12.5,945.7,23.0,70.3,312.2,22.3,81.7,1006.5,0.9,No rain expected,0,0,85.6
2026-04-21T01:47:54.317702,1,15.3,982.1,22.2,73.7,311.9,21.8,81.9,1006.5,1.4,No rain expected,0,0,82.6
2026-04-21T02:47:54.317702,1,14.2,961.2,22.7,72.1,306.4,21.7,87.2,1006.6,1.5,No rain expected,0,0,83.7
2026-04-21T03:47:54.317702,1,14.2,946.4,22.8,73.3,311.7,23.6,80.8,1007.4,2.2,No rain expected,0,0,83.8
2026-04-21T04:47:54.317702,1,13.4,948.6,22.7,72.5,310.2,24.6,85.3,1008.0,3.0,No rain expected,0,0,83.0
2026-04-21T05:47:54.317702,1,13.8,939.3,22.7,73.4,311.6,24.0,84.2,1008.0,2.8,No rain expected,0,0,83.2
2026-04-21T06:47:54.317702,1,12.2,951.1,23.0,65.0,305.1,24.8,75.9,1007.9,3.8,No rain expected,0,0,86.2
2026-04-21T07:47:54.317702,1,12.9,934.9,23.7,67.5,290.4,27.5,73.7,1008.8,3.7,No rain expected,0,0,82.5
2026-04-21T08:47:54.317702,1,12.6,933.6,24.5,63.5,289.2,27.7,70.6,1010.0,3.4,No rain expected,0,0,83.2
2026-04-21T09:47:54.317702,1,11.4,927.3,24.8,66.0,310.7,29.9,68.0,1009.2,3.1,No rain expected,0,0,80.2
2026-04-21T10:47:54.317702,1,12.6,948.9,24.9,55.8,296.1,31.4,57.6,1010.8,2.9,No rain expected,0,0,78.9
2026-04-21T11:47:54.317702,1,11.3,913.1,25.8,59.5,312.1,31.2,63.7,1011.4,1.4,No rain expected,0,0,80.2
2026-04-21T12:47:54.317702,1,11.2,923.5,26.4,54.2,302.0,32.5,53.9,1011.2,0.8,No rain expected,0,0,77.1
2026-04-21T13:47:54.317702,1,12.1,931.9,26.6,54.0,304.4,32.5,51.1,1011.3,0.7,No rain expected,0,0,76.5
2026-04-21T14:47:54.317702,1,12.1,946.5,27.2,59.0,305.8,33.8,56.9,1010.2,0.9,No rain expected,0,0,76.3
2026-04-21T15:47:54.317702,1,12.3,945.7,26.5,54.0,313.0,33.4,53.4,1010.0,2.1,No rain expected,0,0,75.5
2026-04-21T16:47:54.317702,1,12.0,911.2,26.5,58.8,307.3,33.5,53.7,1010.3,2.1,No rain expected,0,0,77.2
2026-04-21T17:47:54.317702,1,11.8,907.8,25.4,57.4,308.2,30.8,57.8,1010.4,3.6,No rain expected,0,0,80.1
2026-04-21T18:47:54.317702,1,11.7,921.9,24.3,60.9,302.4,30.0,66.6,1010.3,3.8,No rain expected,0,0,81.9
2026-04-21T19:47:54.317702,1,11.2,906.2,24.0,64.6,301.0,30.3,63.9,1010.9,3.9,No rain expected,0,0,80.9
2026-04-21T20:47:54.317702,1,11.3,910.3,24.1,63.5,294.7,27.6,69.2,1010.5,3.5,No rain expected,0,0,83.9
2026-04-21T21:47:54.317702,1,12.0,933.8,23.7,64.3,301.3,26.8,70.2,1010.6,3.3,No rain expected,0,0,84.3
2026-04-21T22:47:54.317702,1,12.3,928.5,23.4,66.1,303.2,25.6,77.2,1011.0,2.1,No rain expected,0,0,85.0
2026-04-21T23:47:54.317702,1,12.0,936.0,23.2,71.0,307.6,25.0,84.1,1009.7,1.5,Rain expected,0,0,84.2
2026-04-22T00:47:54.317702,1,12.6,947.8,22.5,66.7,286.9,22.7,78.4,1009.1,1.1,No rain expected,0,0,86.7
2026-04-22T01:47:54.317702,1,13.8,951.9,22.1,73.4,299.4,21.7,87.5,1008.2,0.6,No rain expected,0,0,83.3
2026-04-22T02:47:54.317702,1,18.6,1031.5,22.8,77.2,292.9,22.7,89.1,1008.4,1.6,No rain expected,0,0,81.7
2026-04-22T03:47:54.317702,1,12.0,923.3,22.3,70.8,307.9,21.8,86.4,1007.7,1.4,No rain expected,0,0,84.9
2026-04-22T04:47:54.317702,1,15.7,967.4,22.4,74.2,295.3,22.5,82.5,1007.0,2.3,No rain expected,0,0,83.2
2026-04-22T05:47:54.317702,1,13.7,942.5,22.9,71.6,299.7,25.4,78.3,1007.1,3.5,No rain expected,0,0,83.0
2026-04-22T06:47:54.317702,1,12.2,941.5,23.3,66.2,295.3,26.8,74.2,1007.7,3.9,No rain expected,0,0,83.9
2026-04-22T07:47:54.317702,1,11.9,941.4,24.0,64.7,297.5,27.1,69.1,1007.4,4.3,No rain expected,0,0,83.7
2026-04-22T08:47:54.317702,1,11.4,923.1,24.3,63.6,307.7,27.6,67.3,1005.9,3.8,No rain expected,0,0,83.5
2026-04-22T09:47:54.317702,1,11.3,918.0,24.1,61.0,297.0,28.0,62.6,1006.4,2.9,No rain expected,0,0,84.2
2026-04-22T10:47:54.317702,1,12.5,952.0,25.6,65.0,297.9,31.3,66.5,1005.0,2.3,No rain expected,0,0,78.4
2026-04-22T11:47:54.317702,1,11.0,924.7,25.6,59.4,297.6,30.6,54.5,1005.5,1.7,No rain expected,0,0,81.0
2026-04-22T12:47:54.317702,1,12.4,953.1,26.1,59.7,292.0,32.7,56.8,1005.8,0.7,No rain expected,0,0,78.2
2026-04-22T13:47:54.317702,1,11.8,909.2,26.3,58.3,292.7,32.9,58.8,1005.3,0.9,No rain expected,0,0,77.9
2026-04-22T14:47:54.317702,1,11.4,924.6,27.2,57.5,291.5,33.7,58.1,1005.9,1.2,No rain expected,0,0,76.5
2026-04-22T15:47:54.317702,1,11.7,918.2,27.2,61.6,288.0,33.9,58.5,1005.5,1.6,No rain expected,0,0,76.6
2026-04-22T16:47:54.317702,1,12.8,932.7,26.4,62.2,293.9,32.0,61.2,1005.2,2.1,No rain expected,0,0,78.2
2026-04-22T17:47:54.317702,1,12.2,949.3,25.8,60.6,293.6,31.2,59.6,1005.4,3.4,No rain expected,0,0,79.9
2026-04-22T18:47:54.317702,1,11.8,941.8,25.1,60.6,288.4,31.8,57.9,1004.8,3.3,No rain expected,0,0,79.8
2026-04-22T19:47:54.317702,1,11.3,914.1,24.5,63.2,299.8,30.6,70.6,1005.5,4.2,No rain expected,0,0,80.7
2026-04-22T20:47:54.317702,1,11.8,936.0,23.9,69.2,296.6,29.0,73.4,1005.7,3.4,No rain expected,0,0,80.6
2026-04-22T21:47:54.317702,1,12.6,923.6,23.3,69.0,293.5,26.9,73.9,1004.8,3.7,No rain expected,0,0,82.9
2026-04-22T22:47:54.317702,1,11.9,941.8,22.8,67.1,300.6,25.0,78.1,1006.0,2.8,No rain expected,0,0,85.1
2026-04-22T23:47:54.317702,1,13.6,950.9,23.3,73.0,293.8,24.1,80.9,1006.8,1.4,No rain expected,0,0,84.1
2026-04-23T00:47:54.317702,1,11.6,925.4,22.3,67.7,301.4,23.7,78.3,1007.0,1.6,No rain expected,0,0,85.1
2026-04-23T01:47:54.317702,1,13.6,967.9,22.1,71.6,302.2,23.8,79.7,1007.4,0.8,No rain expected,0,0,82.5
2026-04-23T02:47:54.317702,1,12.9,952.5,22.9,69.5,305.9,22.8,82.0,1007.3,1.0,Rain expected,0,0,86.2
2026-04-23T03:47:54.317702,1,16.6,1012.8,22.3,74.8,303.6,24.5,85.9,1007.7,1.9,No rain expected,0,0,80.2
2026-04-23T04:47:54.317702,1,15.7,966.6,22.6,74.7,305.6,23.6,84.7,1007.5,2.7,No rain expected,0,0,82.3
2026-04-23T05:47:54.317702,1,14.1,961.0,22.6,73.4,311.9,24.1,82.2,1009.0,3.0,No rain expected,0,0,82.7
2026-04-23T06:47:54.317702,1,11.9,946.8,23.2,69.8,294.7,26.9,79.6,1009.0,3.6,No rain expected,0,0,82.8
2026-04-23T07:47:54.317702,1,11.3,934.9,23.2,63.6,312.1,25.9,71.5,1010.0,4.1,No rain expected,0,0,85.7
2026-04-23T08:47:54.317702,1,12.5,938.8,24.1,66.5,312.2,28.4,72.6,1008.8,3.9,No rain expected,0,0,81.5
2026-04-23T09:47:54.317702,1,12.6,929.2,24.5,64.9,298.2,30.2,67.5,1009.7,3.6,No rain expected,0,0,80.2
2026-04-23T10:47:54.317702,1,11.8,943.7,25.0,59.7,292.4,30.2,60.5,1010.4,2.9,No rain expected,0,0,81.5
2026-04-23T11:47:54.317702,1,11.5,903.3,26.1,64.4,305.9,32.9,63.1,1009.9,2.0,No rain expected,0,0,77.2
2026-04-23T12:47:54.317702,1,11.8,936.5,26.9,58.4,311.0,33.2,58.7,1010.0,1.2,No rain expected,0,0,77.0
2026-04-23T13:47:54.317702,1,11.0,909.3,26.7,57.2,293.1,34.1,54.4,1011.3,0.9,No rain expected,0,0,76.5
2026-04-23T14:47:54.317702,1,11.1,925.5,27.0,53.3,292.3,32.4,51.8,1011.5,1.1,No rain expected,0,0,76.7
2026-04-23T15:47:54.317702,1,11.8,944.5,27.5,57.0,304.1,34.1,50.8,1010.8,1.5,No rain expected,0,0,75.4
2026-04-23T16:47:54.317702,1,11.7,915.1,25.2,59.0,285.8,30.9,59.1,1011.5,2.1,No rain expected,0,0,80.8
2026-04-23T17:47:54.317702,1,12.4,948.1,25.4,57.8,309.6,31.4,58.0,1010.5,3.6,No rain expected,0,0,79.1
2026-04-23T18:47:54.317702,1,12.1,933.7,25.7,63.3,311.1,31.9,60.9,1010.1,4.1,No rain expected,0,0,78.3
2026-04-23T19:47:54.317702,1,11.6,932.0,23.9,61.5,308.1,29.5,65.5,1010.9,3.7,No rain expected,0,0,82.4
2026-04-23T20:47:54.317702,1,11.3,927.5,23.6,65.1,311.1,28.4,74.1,1010.5,3.5,No rain expected,0,0,82.6
2026-04-23T21:47:54.317702,1,13.0,931.2,23.3,70.8,309.1,27.9,77.4,1011.0,3.6,No rain expected,0,0,81.0
2026-04-23T22:47:54.317702,1,12.8,956.6,23.3,70.7,305.8,26.6,78.4,1010.3,2.1,No rain expected,0,0,82.3
2026-04-23T23:47:54.317702,1,11.3,936.4,22.7,68.2,302.9,25.8,79.5,1009.3,1.8,No rain expected,0,0,83.9
2026-04-24T00:47:54.317702,1,13.4,947.5,22.7,71.4,309.9,24.4,88.0,1009.6,1.3,No rain expected,0,0,83.5
2026-04-24T01:47:54.317702,1,16.5,999.1,22.8,76.6,301.8,24.2,87.8,1010.0,1.0,No rain expected,0,0,81.3
2026-04-24T02:47:54.317702,1,12.3,924.9,22.3,69.5,288.9,24.3,82.3,1009.8,0.7,No rain expected,0,0,83.9
2026-04-24T03:47:54.317702,1,14.7,961.3,22.9,72.8,299.9,24.4,88.9,1008.2,2.0,No rain expected,0,0,83.3
2026-04-24T04:47:54.317702,1,12.7,940.6,23.1,68.4,285.3,22.9,82.2,1007.1,2.6,No rain expected,0,0,86.8
2026-04-24T05:47:54.317702,1,14.8,984.8,22.9,73.3,293.0,23.5,84.2,1008.1,3.7,No rain expected,0,0,83.9
2026-04-24T06:47:54.317702,1,14.5,977.8,23.3,72.8,295.4,26.9,82.1,1008.1,4.1,No rain expected,0,0,80.9
2026-04-24T07:47:54.317702,1,12.6,922.9,24.1,70.9,297.7,27.8,77.5,1006.4,4.2,No rain expected,0,0,81.0
2026-04-24T08:47:54.317702,1,12.5,954.4,23.7,65.3,312.8,28.4,73.2,1006.2,3.7,No rain expected,0,0,82.0
2026-04-24T09:47:54.317702,1,11.5,916.9,24.4,67.0,293.6,29.7,70.1,1006.1,3.7,No rain expected,0,0,80.5
2026-04-24T10:47:54.317702,1,11.1,898.9,24.7,63.6,285.3,29.0,63.1,1006.1,2.4,No rain expected,0,0,82.4
2026-04-24T11:47:54.317702,1,11.9,921.5,25.7,60.1,294.3,31.0,59.2,1004.7,1.7,No rain expected,0,0,80.5
2026-04-24T12:47:54.317702,1,11.8,931.7,26.4,58.8,304.8,31.9,55.2,1004.9,1.2,No rain expected,0,0,78.8
2026-04-24T13:47:54.317702,1,11.4,901.5,27.0,56.4,297.9,33.2,54.9,1005.1,1.0,No rain expected,0,0,76.8
2026-04-24T14:47:54.317702,1,12.7,943.7,27.0,61.1,312.6,33.4,59.1,1005.9,0.8,No rain expected,0,0,76.6
2026-04-24T15:47:54.317702,1,12.5,935.8,26.6,56.2,291.0,31.9,56.4,1005.9,1.9,No rain expected,0,0,77.8
2026-04-24T16:47:54.317702,1,11.7,933.2,25.6,60.1,310.8,31.0,61.5,1005.9,2.1,No rain expected,0,0,80.4
2026-04-24T17:47:54.317702,1,11.8,933.9,25.5,59.6,295.6,30.3,58.9,1005.9,2.8,No rain expected,0,0,81.2
2026-04-24T18:47:54.317702,1,11.5,921.9,24.7,65.3,305.9,30.8,66.1,1005.9,3.8,No rain expected,0,0,79.6
2026-04-24T19:47:54.317702,1,11.9,934.0,24.8,60.2,302.4,29.4,66.0,1005.5,4.4,No rain expected,0,0,82.4
2026-04-24T20:47:54.317702,1,12.4,947.8,23.8,65.5,290.8,26.8,73.2,1005.5,3.8,No rain expected,0,0,83.8
2026-04-24T21:47:54.317702,1,11.6,907.7,23.3,64.2,290.6,27.8,69.9,1005.1,3.0,No rain expected,0,0,83.9
2026-04-24T22:47:54.317702,1,13.2,950.7,23.5,70.4,296.8,26.8,81.8,1005.3,2.8,No rain expected,0,0,82.1
2026-04-24T23:47:54.317702,1,12.8,947.9,23.0,68.6,297.8,25.9,80.1,1006.4,2.2,No rain expected,0,0,83.9
2026-04-25T00:47:54.317702,1,12.8,940.2,22.8,71.6,287.9,23.5,86.6,1006.6,0.8,No rain expected,0,0,85.1
2026-04-25T01:47:54.317702,1,15.5,968.6,23.0,73.6,293.5,22.7,82.3,1007.2,0.6,No rain expected,0,0,84.2
2026-04-25T02:47:54.317702,1,13.9,941.4,22.8,71.9,309.1,23.7,89.0,1008.0,1.0,No rain expected,0,0,84.2
2026-04-25T03:47:54.317702,1,15.1,964.9,23.0,73.0,301.3,23.6,80.6,1008.6,1.3,No rain expected,0,0,84.1
2026-04-25T04:47:54.317702,1,15.6,977.2,22.7,75.2,289.8,23.2,85.9,1007.1,2.5,No rain expected,0,0,83.0
2026-04-25T05:47:54.317702,1,11.3,909.3,23.2,69.7,312.3,25.8,78.5,1007.4,3.1,No rain expected,0,0,84.1
2026-04-25T06:47:54.317702,1,11.1,916.5,22.9,69.8,286.0,24.4,77.6,1008.9,4.2,No rain expected,0,0,85.7
2026-04-25T07:47:54.317702,1,11.5,903.0,23.6,68.5,293.5,26.9,74.5,1009.4,4.4,No rain expected,0,0,83.4
2026-04-25T08:47:54.317702,1,12.9,932.8,24.1,67.6,306.8,28.7,74.3,1009.1,4.3,No rain expected,0,0,80.8
2026-04-25T09:47:54.317702,1,12.6,938.0,24.1,64.0,312.0,28.6,64.4,1009.8,2.8,No rain expected,0,0,82.0
2026-04-25T10:47:54.317702,1,12.0,929.6,25.4,57.2,303.1,31.8,58.0,1010.8,3.0,No rain expected,0,0,78.9
2026-04-25T11:47:54.317702,1,11.9,922.3,25.7,59.9,290.7,31.3,64.3,1011.3,2.0,No rain expected,0,0,80.2
2026-04-25T12:47:54.317702,1,11.8,936.9,26.0,56.1,297.0,30.8,54.1,1011.3,0.9,No rain expected,0,0,79.3
2026-04-25T13:47:54.317702,1,11.6,920.3,25.8,59.0,290.3,31.8,53.3,1010.7,0.8,No rain expected,0,0,79.5
2026-04-25T14:47:54.317702,1,12.5,931.6,26.8,57.9,291.6,34.3,58.1,1011.4,0.8,No rain expected,0,0,75.9
2026-04-25T15:47:54.317702,1,12.7,942.5,26.7,55.6,300.8,33.7,55.7,1010.8,1.3,No rain expected,0,0,75.6
2026-04-25T16:47:54.317702,1,11.9,916.1,26.3,53.7,293.1,33.1,52.4,1011.5,2.8,No rain expected,0,0,76.3
2026-04-25T17:47:54.317702,1,11.8,925.0,25.6,59.4,307.5,30.4,56.9,1010.5,3.5,No rain expected,0,0,80.9
2026-04-25T18:47:54.317702,1,11.0,901.7,25.6,64.8,313.6,31.9,67.4,1010.9,3.3,No rain expected,0,0,78.4
2026-04-25T19:47:54.317702,1,11.9,943.1,24.9,59.6,292.9,30.7,63.4,1011.5,4.3,No rain expected,0,0,81.0
2026-04-25T20:47:54.317702,1,11.6,905.8,23.7,67.4,285.8,29.4,71.2,1010.2,3.4,No rain expected,0,0,81.2
2026-04-25T21:47:54.317702,1,11.2,928.7,23.4,64.4,302.9,28.2,71.9,1010.2,3.0,No rain expected,0,0,83.2
2026-04-25T22:47:54.317702,1,11.0,931.3,22.9,67.4,308.4,26.7,76.7,1010.2,2.6,No rain expected,0,0,83.8
2026-04-25T23:47:54.317702,1,11.8,913.8,23.0,70.9,299.7,24.2,81.9,1009.2,1.9,No rain expected,0,0,85.4
2026-04-26T00:47:54.317702,1,16.5,994.7,22.6,75.2,293.2,22.4,87.8,1009.2,1.0,No rain expected,0,0,82.7
2026-04-26T01:47:54.317702,1,13.2,942.6,22.5,71.8,311.5,23.3,86.4,1010.0,1.3,No rain expected,0,0,84.1
2026-04-26T02:47:54.317702,1,15.1,974.2,22.6,73.5,308.6,23.5,83.8,1009.4,0.9,No rain expected,0,0,82.9
2026-04-26T03:47:54.317702,1,15.7,983.5,23.0,75.2,292.4,23.8,88.9,1008.7,1.8,No rain expected,0,0,83.1
2026-04-26T04:47:54.317702,1,12.6,935.6,23.0,70.0,285.2,23.4,85.5,1008.8,2.9,No rain expected,0,0,86.3
2026-04-26T05:47:54.317702,1,11.4,924.3,22.6,66.6,298.2,25.6,77.5,1006.8,3.2,No rain expected,0,0,84.4
2026-04-26T06:47:54.317702,1,12.5,956.6,23.1,69.8,291.0,25.7,80.5,1007.4,3.4,No rain expected,0,0,83.9
2026-04-26T07:47:54.317702,1,11.1,916.0,23.8,62.9,304.9,26.1,70.0,1006.5,3.7,No rain expected,0,0,85.7
2026-04-26T08:47:54.317702,1,12.5,938.6,23.6,60.9,311.7,29.0,67.0,1006.6,3.9,No rain expected,0,0,82.8
2026-04-26T09:47:54.317702,1,11.9,926.0,24.7,58.2,298.7,30.2,62.1,1005.3,3.4,No rain expected,0,0,81.2
2026-04-26T10:47:54.317702,1,11.9,913.8,25.9,61.6,312.2,32.0,61.7,1005.5,2.8,No rain expected,0,0,78.8
2026-04-26T11:47:54.317702,1,12.2,935.8,26.2,57.6,312.0,32.6,57.1,1004.9,2.1,No rain expected,0,0,77.6
2026-04-26T12:47:54.317702,1,12.0,913.8,26.1,62.0,300.8,31.7,62.0,1004.9,1.7,No rain expected,0,0,79.0
2026-04-26T13:47:54.317702,1,11.0,895.1,26.5,57.6,288.1,33.0,53.9,1005.8,0.8,No rain expected,0,0,77.9
2026-04-26T14:47:54.317702,1,11.8,943.4,26.3,55.9,293.5,33.3,56.7,1005.1,1.6,No rain expected,0,0,76.6
2026-04-26T15:47:54.317702,1,11.4,918.3,25.7,57.6,285.1,31.8,59.0,1004.9,1.8,No rain expected,0,0,79.3
2026-04-26T16:47:54.317702,1,11.3,924.1,25.5,55.0,293.3,31.1,52.1,1005.3,2.7,No rain expected,0,0,79.2
2026-04-26T17:47:54.317702,1,11.7,919.2,25.3,59.2,312.6,31.1,57.8,1005.0,3.6,No rain expected,0,0,80.3
2026-04-26T18:47:54.317702,1,11.3,914.2,25.1,60.4,297.1,31.7,66.7,1004.6,4.1,No rain expected,0,0,80.2
2026-04-26T19:47:54.317702,1,12.7,923.4,24.4,61.2,288.7,30.3,65.5,1006.1,4.2,No rain expected,0,0,81.3
2026-04-26T20:47:54.317702,1,11.5,938.2,23.5,65.4,309.4,29.2,71.5,1005.5,3.5,No rain expected,0,0,81.7
2026-04-26T21:47:54.317702,1,11.5,913.3,23.7,65.0,296.5,25.3,71.0,1006.1,3.7,No rain expected,0,0,85.9
2026-04-26T22:47:54.317702,1,11.4,906.6,23.2,69.5,314.1,25.5,81.7,1006.1,2.6,No rain expected,0,0,84.4
2026-04-26T23:47:54.317702,1,12.0,943.1,23.1,69.8,289.1,24.3,80.8,1005.3,1.9,No rain expected,0,0,85.5
2026-04-27T00:47:54.317702,1,12.6,952.0,22.5,70.3,287.5,22.7,78.7,1005.8,1.5,No rain expected,0,0,85.5
2026-04-27T01:47:54.317702,1,12.9,957.3,23.0,70.0,297.6,23.8,80.1,1005.9,0.9,No rain expected,0,0,85.5
2026-04-27T02:47:54.317702,1,16.1,980.8,22.5,74.9,311.5,22.8,84.2,1007.3,0.8,No rain expected,0,0,82.6
2026-04-27T03:47:54.317702,1,12.2,951.0,22.1,69.7,302.9,22.6,83.1,1006.7,1.8,No rain expected,0,0,84.8
2026-04-27T04:47:54.317702,1,13.0,961.5,22.9,69.7,299.9,22.5,79.9,1008.4,2.5,No rain expected,0,0,85.8
2026-04-27T05:47:54.317702,1,11.6,925.6,23.1,70.1,307.1,23.4,82.6,1008.3,3.1,No rain expected,0,0,86.3
2026-04-27T06:47:54.317702,1,15.0,974.2,22.9,73.9,311.2,26.3,82.0,1008.0,3.8,No rain expected,0,0,80.7
2026-04-27T07:47:54.317702,1,12.0,916.8,23.6,63.4,314.2,27.2,72.5,1009.7,4.3,No rain expected,0,0,84.1
2026-04-27T08:47:54.317702,1,12.9,947.2,24.5,64.5,301.2,26.9,69.7,1009.8,4.2,No rain expected,0,0,83.4
2026-04-27T09:47:54.317702,1,12.2,918.7,24.8,61.8,308.0,29.4,62.7,1009.8,3.5,No rain expected,0,0,81.8
2026-04-27T10:47:54.317702,1,12.2,951.8,24.8,57.6,292.1,30.6,61.1,1010.7,2.9,No rain expected,0,0,80.4
2026-04-27T11:47:54.317702,1,11.1,923.5,25.0,62.4,285.3,30.4,58.9,1009.9,1.3,No rain expected,0,0,81.1
2026-04-27T12:47:54.317702,1,11.9,943.1,25.3,56.9,291.7,31.1,57.4,1011.4,1.3,No rain expected,0,0,79.6
2026-04-27T13:47:54.317702,1,11.3,900.9,26.6,57.5,302.3,32.5,57.1,1011.1,1.0,No rain expected,0,0,78.0
2026-04-27T14:47:54.317702,1,12.2,915.4,26.3,61.8,297.1,31.8,57.7,1011.3,1.1,No rain expected,0,0,78.8
2026-04-27T15:47:54.317702,1,12.7,936.3,26.3,56.3,285.4,32.9,50.8,1011.8,1.6,No rain expected,0,0,77.0
2026-04-27T16:47:54.317702,1,13.0,954.2,25.3,58.6,299.3,31.0,56.8,1010.6,2.8,No rain expected,0,0,79.7
2026-04-27T17:47:54.317702,1,11.2,911.0,25.3,64.7,314.8,31.8,64.3,1010.2,3.1,No rain expected,0,0,78.6
2026-04-27T18:47:54.317702,1,11.1,904.6,25.2,61.5,302.9,31.9,60.2,1010.1,3.6,No rain expected,0,0,79.7
2026-04-27T19:47:54.317702,1,12.3,935.5,24.5,62.4,291.7,29.8,67.9,1011.5,3.8,No rain expected,0,0,81.5
2026-04-27T20:47:54.317702,1,11.5,926.3,24.0,66.5,285.4,28.8,70.9,1010.4,4.2,No rain expected,0,0,81.8
2026-04-27T21:47:54.317702,1,12.5,935.3,23.8,63.9,294.7,25.6,72.2,1009.6,3.7,No rain expected,0,0,85.5
2026-04-27T22:47:54.317702,1,11.2,921.8,22.8,65.6,290.3,25.8,75.6,1009.7,2.5,No rain expected,0,0,85.2
2026-04-27T23:47:54.317702,1,14.5,960.5,23.0,72.9,300.5,25.9,84.4,1009.5,2.2,No rain expected,0,0,82.0
2026-04-28T00:47:54.317702,1,13.0,927.1,23.0,70.2,301.8,22.9,84.3,1009.3,1.5,No rain expected,0,0,86.3
2026-04-28T01:47:54.317702,1,12.7,929.6,22.5,69.1,299.8,23.9,81.1,1008.4,0.6,No rain expected,0,0,84.7
2026-04-28T02:47:54.317702,1,13.7,967.9,22.3,71.7,299.1,22.9,88.2,1008.1,1.1,No rain expected,0,0,83.9
2026-04-28T03:47:54.317702,1,12.4,919.9,22.7,69.0,295.3,23.5,82.0,1007.9,1.6,No rain expected,0,0,85.8
2026-04-28T04:47:54.317702,1,13.5,963.5,22.2,72.5,287.4,22.4,87.7,1008.7,2.8,No rain expected,0,0,84.1
2026-04-28T05:47:54.317702,1,11.1,902.5,22.9,68.3,292.3,23.1,79.4,1006.9,3.0,No rain expected,0,0,87.4
2026-04-28T06:47:54.317702,1,12.1,946.5,23.1,66.6,312.9,26.3,77.5,1007.1,4.0,No rain expected,0,0,84.1
2026-04-28T07:47:54.317702,1,12.0,916.0,23.8,63.9,301.5,26.9,72.6,1007.6,4.1,No rain expected,0,0,84.3
2026-04-28T08:47:54.317702,1,11.6,925.5,24.0,65.3,298.9,26.7,71.7,1006.9,3.7,No rain expected,0,0,84.1
2026-04-28T09:47:54.317702,1,12.9,930.1,24.0,60.3,287.7,28.5,62.6,1006.5,3.1,No rain expected,0,0,83.5
2026-04-28T10:47:54.317702,1,11.9,929.3,24.7,60.5,301.2,29.4,58.4,1006.3,2.4,No rain expected,0,0,82.4
2026-04-28T11:47:54.317702,1,12.7,924.3,25.3,57.1,303.3,30.6,55.5,1006.5,2.1,No rain expected,0,0,79.9
2026-04-28T12:47:54.317702,1,11.6,911.0,25.8,59.4,303.0,31.2,56.9,1005.1,0.9,No rain expected,0,0,80.2
2026-04-28T13:47:54.317702,1,11.7,934.3,26.9,53.9,309.4,34.2,51.5,1004.3,0.7,No rain expected,0,0,74.7
2026-04-28T14:47:54.317702,1,11.4,916.0,26.6,58.5,308.7,33.5,52.4,1004.4,1.5,No rain expected,0,0,77.1
2026-04-28T15:47:54.317702,1,12.4,942.7,27.0,55.4,311.0,33.7,53.1,1005.1,1.9,No rain expected,0,0,75.3
2026-04-28T16:47:54.317702,1,11.1,924.9,26.2,55.0,304.3,31.5,54.0,1004.2,2.7,No rain expected,0,0,78.4
2026-04-28T17:47:54.317702,1,11.6,910.6,26.1,64.3,311.6,31.9,64.0,1005.4,3.5,No rain expected,0,0,78.1
2026-04-28T18:47:54.317702,1,12.5,920.8,24.9,62.7,306.0,29.1,66.8,1004.5,3.3,No rain expected,0,0,81.7
2026-04-28T19:47:54.317702,1,12.4,945.2,24.1,65.5,305.6,29.3,71.0,1004.4,3.7,No rain expected,0,0,81.0
2026-04-28T20:47:54.317702,1,12.4,919.8,24.4,68.1,291.8,29.2,70.5,1006.1,4.0,No rain expected,0,0,80.4
2026-04-28T21:47:54.317702,1,12.1,915.6,23.4,67.4,299.6,26.3,70.4,1005.9,2.8,No rain expected,0,0,84.1
2026-04-28T22:47:54.317702,1,11.5,937.7,22.9,66.9,309.4,24.7,79.3,1006.2,2.2,No rain expected,0,0,85.7
2026-04-28T23:47:54.317702,1,11.6,921.7,22.7,68.4,313.6,23.0,79.4,1006.4,2.1,No rain expected,0,0,86.5
2026-04-29T00:47:54.317702,1,12.7,948.4,22.4,71.1,314.2,23.9,87.3,1006.7,1.6,No rain expected,0,0,83.5
2026-04-29T01:47:54.317702,1,14.4,947.3,22.7,72.6,305.0,21.8,83.6,1007.8,0.9,No rain expected,0,0,83.7
2026-04-29T02:47:54.317702,1,13.3,961.4,22.0,70.9,295.8,22.2,86.9,1007.4,1.5,Rain expected,0,0,84.3
2026-04-29T03:47:54.317702,1,12.1,918.7,22.2,71.2,286.1,24.5,82.2,1007.9,1.5,No rain expected,0,0,83.1
2026-04-29T04:47:54.317702,1,13.7,974.0,22.6,71.4,310.4,22.9,82.0,1007.1,2.1,No rain expected,0,0,84.5
2026-04-29T05:47:54.317702,1,12.4,946.5,22.5,70.0,302.1,24.9,81.5,1007.6,3.3,No rain expected,0,0,83.4
2026-04-29T06:47:54.317702,1,13.2,965.7,23.7,71.0,308.0,25.3,80.3,1009.1,3.7,Rain expected,0,0,83.1
2026-04-29T07:47:54.317702,1,12.8,939.9,23.7,66.8,308.3,27.2,70.6,1008.9,4.0,No rain expected,0,0,82.8
2026-04-29T08:47:54.317702,1,12.6,920.1,23.7,64.9,287.5,29.0,73.8,1008.8,3.8,No rain expected,0,0,81.9
2026-04-29T09:47:54.317702,1,12.3,920.6,24.4,59.8,293.7,30.6,64.3,1010.7,3.0,No rain expected,0,0,81.4
2026-04-29T10:47:54.317702,1,11.9,920.7,25.5,57.5,299.8,31.2,58.7,1010.1,2.7,No rain expected,0,0,79.6
2026-04-29T11:47:54.317702,1,12.9,961.3,25.7,56.8,308.9,31.6,58.3,1010.5,1.9,No rain expected,0,0,78.3
2026-04-29T12:47:54.317702,1,11.6,913.3,26.3,57.2,307.7,33.1,59.8,1011.3,0.9,No rain expected,0,0,77.3
2026-04-29T13:47:54.317702,1,11.5,932.7,27.4,59.4,288.6,34.3,53.3,1011.5,0.8,No rain expected,0,0,76.3
2026-04-29T14:47:54.317702,1,12.7,933.8,26.7,57.2,302.3,32.8,59.0,1011.1,1.7,No rain expected,0,0,77.0
2026-04-29T15:47:54.317702,1,11.4,911.6,27.0,59.3,303.7,33.5,57.1,1011.6,1.4,No rain expected,0,0,77.3
2026-04-29T16:47:54.317702,1,12.8,942.0,26.2,61.5,313.2,33.1,60.6,1010.8,2.8,No rain expected,0,0,77.1
2026-04-29T17:47:54.317702,1,12.2,945.2,25.5,59.2,292.1,30.3,58.1,1011.6,3.7,No rain expected,0,0,80.9
2026-04-29T18:47:54.317702,1,11.8,907.8,24.4,62.0,296.0,29.3,66.9,1010.4,3.6,No rain expected,0,0,82.4
2026-04-29T19:47:54.317702,1,12.7,943.1,24.5,59.7,313.9,28.4,64.6,1010.0,3.9,No rain expected,0,0,83.0
2026-04-29T20:47:54.317702,1,12.5,940.8,24.0,65.1,287.0,29.0,73.3,1010.3,3.8,No rain expected,0,0,81.7
2026-04-29T21:47:54.317702,1,12.7,953.9,23.8,65.5,313.0,26.9,72.5,1010.8,3.5,No rain expected,0,0,83.3
2026-04-29T22:47:54.317702,1,13.4,935.5,23.3,70.9,303.6,24.9,79.9,1010.9,2.4,No rain expected,0,0,83.9
2026-04-29T23:47:54.317702,1,12.1,921.1,22.8,70.6,311.6,23.1,81.1,1009.9,1.6,No rain expected,0,0,85.8
2026-04-30T00:47:54.317702,1,13.9,977.5,22.6,71.8,297.7,25.1,84.1,1008.8,1.5,No rain expected,0,0,82.3
2026-04-30T01:47:54.317702,1,18.3,1042.3,22.2,77.1,299.9,23.6,89.0,1008.2,1.0,No rain expected,0,0,79.5
2026-04-30T02:47:54.317702,1,15.4,982.0,22.5,74.8,304.2,22.3,89.9,1007.9,1.2,No rain expected,0,0,83.0
2026-04-30T03:47:54.317702,1,11.3,920.8,22.1,68.0,314.2,22.0,80.1,1007.7,1.6,No rain expected,0,0,86.0
2026-04-30T04:47:54.317702,1,13.0,957.9,22.4,71.3,290.5,23.3,82.5,1007.3,2.6,Rain expected,0,0,84.2
2026-04-30T05:47:54.317702,1,11.8,928.2,22.9,69.2,294.6,23.8,78.3,1007.1,3.5,No rain expected,0,0,86.1
2026-04-30T06:47:54.317702,1,13.0,936.8,22.8,67.7,303.0,26.3,75.5,1006.7,3.6,No rain expected,0,0,83.3
2026-04-30T07:47:54.317702,1,11.3,934.7,23.5,64.0,307.6,25.4,72.7,1005.9,4.1,No rain expected,0,0,86.0
2026-04-30T08:47:54.317702,1,12.7,934.4,23.6,64.4,313.1,27.8,73.7,1007.0,3.5,No rain expected,0,0,82.9
2026-04-30T09:47:54.317702,1,12.0,925.1,24.6,63.7,306.2,28.6,67.1,1006.4,3.5,No rain expected,0,0,82.2
2026-04-30T10:47:54.317702,1,12.7,926.6,24.9,61.9,292.2,31.2,60.9,1006.1,3.0,No rain expected,0,0,79.9
2026-04-30T11:47:54.317702,1,12.5,921.2,25.9,63.0,296.8,32.7,60.5,1004.9,1.5,No rain expected,0,0,77.6
2026-04-30T12:47:54.317702,1,12.5,947.4,25.7,56.9,311.2,31.5,56.0,1006.4,1.3,No rain expected,0,0,78.6
2026-04-30T13:47:54.317702,1,12.1,936.0,26.3,58.1,300.7,33.0,57.5,1004.5,1.0,No rain expected,0,0,77.4
2026-04-30T14:47:54.317702,1,12.2,921.8,26.2,57.5,292.0,32.3,50.1,1005.8,1.2,No rain expected,0,0,78.2
2026-04-30T15:47:54.317702,1,12.5,940.7,26.0,58.4,303.6,31.8,57.6,1004.4,1.8,No rain expected,0,0,78.7
2026-04-30T16:47:54.317702,1,12.5,939.7,25.9,61.7,299.1,32.2,59.1,1004.0,2.4,No rain expected,0,0,78.4
2026-04-30T17:47:54.317702,1,11.0,929.4,25.5,60.2,287.4,30.1,62.7,1005.2,3.7,No rain expected,0,0,81.8
2026-04-30T18:47:54.317702,1,12.4,953.8,25.3,62.5,311.7,31.9,60.2,1004.4,4.2,No rain expected,0,0,78.5
2026-04-30T19:47:54.317702,1,12.0,936.0,25.0,61.9,308.2,30.7,61.9,1005.8,3.9,No rain expected,0,0,80.3
2026-04-30T20:47:54.317702,1,12.9,961.7,24.1,60.9,302.4,29.0,66.0,1005.3,4.0,No rain expected,0,0,82.4
2026-04-30T21:47:54.317702,1,11.1,925.3,23.2,66.2,292.7,25.4,70.4,1006.2,3.6,No rain expected,0,0,85.8
2026-04-30T22:47:54.317702,1,13.3,952.7,23.1,72.2,291.2,26.9,79.0,1006.3,2.1,No rain expected,0,0,81.7
2026-04-30T23:47:54.317702,1,12.3,917.5,22.5,68.4,305.9,25.9,79.3,1005.9,2.2,No rain expected,0,0,83.0
2026-05-01T00:47:54.317702,1,13.1,936.4,22.5,71.7,296.8,22.2,78.0,1007.0,1.2,No rain expected,0,0,84.9
2026-05-01T01:47:54.317702,1,13.4,957.1,23.0,71.0,293.5,24.6,85.3,1006.5,0.7,No rain expected,0,0,84.3
2026-05-01T02:47:54.317702,1,16.5,1005.7,22.4,76.6,305.2,23.8,89.4,1007.4,1.0,Rain expected,0,0,80.6
2026-05-01T03:47:54.317702,1,14.7,978.8,22.1,73.8,306.7,22.0,84.2,1007.2,1.8,No rain expected,0,0,83.0
2026-05-01T04:47:54.317702,1,13.0,928.6,23.0,72.4,310.6,22.4,85.8,1008.8,2.1,No rain expected,0,0,85.0
2026-05-01T05:47:54.317702,1,11.1,897.3,23.2,69.1,286.2,23.5,82.3,1009.1,3.5,No rain expected,0,0,87.0
2026-05-01T06:47:54.317702,1,12.5,949.4,23.5,67.8,301.2,25.2,80.8,1007.9,4.1,No rain expected,0,0,84.7
2026-05-01T07:47:54.317702,1,13.0,928.4,23.9,71.8,287.4,27.9,78.5,1008.2,4.1,No rain expected,0,0,80.7
2026-05-01T08:47:54.317702,1,11.1,928.0,23.7,66.2,308.6,26.6,70.5,1008.7,3.5,No rain expected,0,0,84.1
2026-05-01T09:47:54.317702,1,12.8,956.9,24.2,64.7,308.8,28.4,65.7,1008.9,3.4,No rain expected,0,0,81.8
2026-05-01T10:47:54.317702,1,12.0,927.2,25.6,60.0,296.8,31.7,62.6,1010.4,2.2,No rain expected,0,0,79.8
2026-05-01T11:47:54.317702,1,12.4,944.3,26.1,60.4,304.5,31.7,63.9,1010.7,1.7,No rain expected,0,0,79.1
2026-05-01T12:47:54.317702,1,12.3,948.9,26.2,58.7,286.1,32.2,53.8,1010.8,1.1,No rain expected,0,0,78.5
2026-05-01T13:47:54.317702,1,11.0,905.4,25.7,56.1,303.8,31.4,55.7,1010.0,1.4,No rain expected,0,0,79.2
2026-05-01T14:47:54.317702,1,12.1,920.9,26.1,57.4,296.3,31.6,53.7,1011.4,0.8,No rain expected,0,0,78.9
2026-05-01T15:47:54.317702,1,11.2,907.2,26.1,56.2,312.6,32.6,51.3,1011.7,1.7,No rain expected,0,0,77.7
2026-05-01T16:47:54.317702,1,12.6,940.9,26.0,55.9,299.5,32.5,56.3,1010.2,2.8,No rain expected,0,0,77.3
2026-05-01T17:47:54.317702,1,12.3,948.0,26.0,60.1,296.9,32.5,58.5,1012.0,2.8,No rain expected,0,0,78.6
2026-05-01T18:47:54.317702,1,12.7,940.0,25.2,58.4,309.4,30.4,62.7,1010.1,4.2,No rain expected,0,0,80.4
2026-05-01T19:47:54.317702,1,11.3,919.3,24.6,65.7,292.5,28.6,70.3,1010.1,4.0,No rain expected,0,0,82.0
2026-05-01T20:47:54.317702,1,12.1,946.7,24.5,66.9,309.0,29.2,73.1,1010.9,3.9,No rain expected,0,0,80.5
2026-05-01T21:47:54.317702,1,11.5,909.4,24.0,67.8,296.3,27.8,73.3,1010.4,3.2,No rain expected,0,0,82.4
2026-05-01T22:47:54.317702,1,11.4,919.8,23.1,69.5,312.7,26.7,80.0,1010.7,2.9,No rain expected,0,0,83.2
2026-05-01T23:47:54.317702,1,12.8,933.9,22.5,71.7,287.6,23.1,80.0,1010.8,1.9,No rain expected,0,0,84.8
2026-05-02T00:47:54.317702,1,15.3,975.7,22.8,73.0,285.2,22.3,85.5,1009.2,1.6,No rain expected,0,0,84.0
2026-05-02T01:47:54.317702,1,14.3,978.0,23.0,73.7,306.0,23.7,83.4,1008.6,1.3,No rain expected,0,0,83.9
2026-05-02T02:47:54.317702,1,12.8,938.4,22.3,72.1,309.2,23.6,80.0,1009.4,1.3,No rain expected,0,0,83.4
2026-05-02T03:47:54.317702,1,13.1,957.0,22.4,70.7,311.8,23.7,85.3,1009.0,1.4,No rain expected,0,0,83.7
2026-05-02T04:47:54.317702,1,12.1,920.7,22.3,69.5,295.6,23.3,79.4,1008.0,2.4,No rain expected,0,0,84.9
2026-05-02T05:47:54.317702,1,14.1,945.6,23.4,73.2,293.9,23.6,82.6,1008.1,2.9,No rain expected,0,0,84.3
2026-05-02T06:47:54.317702,1,11.8,913.1,22.8,65.2,285.5,24.9,76.3,1007.3,3.3,No rain expected,0,0,86.1
2026-05-02T07:47:54.317702,1,12.5,934.0,23.9,67.9,299.5,25.6,74.1,1006.2,4.3,No rain expected,0,0,84.2
2026-05-02T08:47:54.317702,1,11.5,932.1,23.5,66.9,291.8,29.2,73.1,1006.4,3.4,No rain expected,0,0,81.5
2026-05-02T09:47:54.317702,1,11.4,910.4,24.7,63.3,288.5,30.7,67.6,1007.2,3.1,No rain expected,0,0,80.6
2026-05-02T10:47:54.317702,1,12.9,943.0,25.5,65.4,308.4,31.5,67.5,1006.5,2.2,No rain expected,0,0,77.9
2026-05-02T11:47:54.317702,1,12.2,913.3,25.7,57.1,291.5,32.2,57.9,1006.0,2.2,No rain expected,0,0,78.5
2026-05-02T12:47:54.317702,1,12.9,949.0,26.2,58.6,305.0,31.1,61.0,1005.2,1.2,No rain expected,0,0,79.2
2026-05-02T13:47:54.317702,1,11.4,907.7,26.5,57.2,310.6,31.9,60.1,1004.3,1.0,No rain expected,0,0,78.4
2026-05-02T14:47:54.317702,1,12.5,935.7,26.3,58.5,304.2,31.6,59.5,1004.5,1.1,No rain expected,0,0,78.8
2026-05-02T15:47:54.317702,1,11.0,903.8,27.0,56.5,293.8,33.5,52.0,1004.4,2.2,No rain expected,0,0,76.7
2026-05-02T16:47:54.317702,1,12.3,946.3,27.1,58.3,304.1,33.2,58.5,1004.6,2.9,No rain expected,0,0,76.7
2026-05-02T17:47:54.317702,1,11.1,915.5,26.3,58.3,313.6,32.7,58.2,1005.5,3.1,No rain expected,0,0,78.1
2026-05-02T18:47:54.317702,1,12.3,939.8,25.1,59.2,311.4,30.7,59.3,1004.8,3.6,No rain expected,0,0,80.5
2026-05-02T19:47:54.317702,1,11.8,908.3,24.7,65.9,296.1,28.2,68.9,1004.6,4.4,No rain expected,0,0,82.2
2026-05-02T20:47:54.317702,1,12.3,922.2,24.2,67.1,286.3,29.3,74.5,1005.6,3.5,No rain expected,0,0,80.8
2026-05-02T21:47:54.317702,1,12.8,932.6,24.0,68.7,303.0,27.2,77.7,1005.7,3.2,No rain expected,0,0,82.1
2026-05-02T22:47:54.317702,1,11.8,913.4,22.9,70.6,298.6,24.1,79.4,1005.7,2.4,No rain expected,0,0,85.4
2026-05-02T23:47:54.317702,1,14.2,945.6,22.7,72.2,285.9,23.9,82.6,1005.4,1.3,Rain expected,0,0,83.9
2026-05-03T00:47:54.317702,1,12.5,927.3,23.0,70.5,290.2,23.9,84.8,1006.1,1.3,Rain expected,0,0,85.7
2026-05-03T01:47:54.317702,1,12.4,928.1,22.5,68.6,299.8,24.2,81.8,1007.5,1.4,No rain expected,0,0,84.6
2026-05-03T02:47:54.317702,1,11.2,914.3,22.7,68.4,303.8,22.3,81.2,1008.0,1.1,No rain expected,0,0,86.7
2026-05-03T03:47:54.317702,1,13.3,952.1,22.1,71.8,314.5,24.4,83.7,1008.5,1.4,No rain expected,0,0,81.9
2026-05-03T04:47:54.317702,1,12.7,933.1,22.7,71.0,307.4,24.9,80.4,1008.9,2.4,No rain expected,0,0,83.5
2026-05-03T05:47:54.317702,1,13.4,949.9,23.0,71.0,308.7,25.7,82.1,1008.4,3.7,No rain expected,0,0,83.1
2026-05-03T06:47:54.317702,1,12.9,941.8,22.9,70.6,289.0,25.3,81.4,1009.6,3.5,No rain expected,0,0,83.8
2026-05-03T07:47:54.317702,1,12.8,942.3,23.4,65.0,293.7,27.7,75.9,1008.7,4.3,No rain expected,0,0,83.1
2026-05-03T08:47:54.317702,1,11.2,900.6,23.8,64.6,310.9,28.1,67.3,1009.8,4.0,No rain expected,0,0,83.1
2026-05-03T09:47:54.317702,1,11.3,903.5,24.4,59.6,309.3,28.7,61.9,1010.0,2.8,No rain expected,0,0,83.5
2026-05-03T10:47:54.317702,1,12.7,924.8,25.3,60.2,310.4,31.1,57.6,1009.7,2.2,No rain expected,0,0,80.1
2026-05-03T11:47:54.317702,1,12.5,944.7,25.1,60.0,308.0,31.1,62.2,1009.9,2.2,No rain expected,0,0,80.3
2026-05-03T12:47:54.317702,1,12.3,921.2,26.0,58.3,295.1,31.9,61.1,1011.3,1.1,No rain expected,0,0,78.9
2026-05-03T13:47:54.317702,1,12.7,959.8,26.1,58.6,309.6,32.5,52.8,1011.1,1.2,No rain expected,0,0,77.8
2026-05-03T14:47:54.317702,1,12.2,949.2,27.2,57.6,290.8,33.4,53.7,1010.9,0.9,No rain expected,0,0,76.5
2026-05-03T15:47:54.317702,1,11.2,926.0,27.4,58.7,306.5,33.7,58.4,1011.8,1.6,No rain expected,0,0,76.6
2026-05-03T16:47:54.317702,1,12.2,931.8,25.7,57.2,311.8,31.2,58.8,1011.7,2.7,No rain expected,0,0,79.1
2026-05-03T17:47:54.317702,1,12.1,945.1,25.3,59.8,306.8,31.0,57.5,1011.9,3.4,No rain expected,0,0,80.3
2026-05-03T18:47:54.317702,1,11.7,942.2,26.0,59.9,311.3,32.0,63.2,1010.2,3.6,No rain expected,0,0,79.1
2026-05-03T19:47:54.317702,1,11.3,930.3,24.3,61.7,292.7,30.6,61.4,1010.4,3.7,No rain expected,0,0,81.3
2026-05-03T20:47:54.317702,1,11.9,922.5,23.8,68.5,303.2,28.5,73.6,1010.2,4.1,No rain expected,0,0,81.3
2026-05-03T21:47:54.317702,1,11.0,916.8,23.6,63.4,309.6,25.6,69.6,1010.1,3.5,No rain expected,0,0,86.1
2026-05-03T22:47:54.317702,1,12.4,954.5,23.0,64.6,313.7,26.7,74.2,1010.3,2.1,No rain expected,0,0,84.2
2026-05-03T23:47:54.317702,1,11.8,936.7,22.9,68.4,313.6,25.0,80.3,1009.5,2.0,No rain expected,0,0,84.8
2026-05-04T00:47:54.317702,1,14.3,982.8,22.4,72.9,311.8,22.8,86.2,1009.0,1.4,No rain expected,0,0,83.4
2026-05-04T01:47:54.317702,1,13.9,959.1,22.4,71.4,306.1,24.2,86.6,1009.8,0.8,No rain expected,0,0,82.8
2026-05-04T02:47:54.317702,1,12.8,952.7,22.9,71.4,293.0,24.2,87.9,1009.6,1.4,No rain expected,0,0,84.6
2026-05-04T03:47:54.317702,1,15.1,969.5,23.0,74.2,290.1,22.6,89.0,1009.1,1.4,No rain expected,0,0,84.0
2026-05-04T04:47:54.317702,1,11.9,926.0,22.4,70.7,309.1,23.2,87.2,1008.2,2.2,No rain expected,0,0,84.8
2026-05-04T05:47:54.317702,1,12.2,945.2,23.2,70.7,306.4,23.8,77.8,1006.6,3.5,No rain expected,0,0,85.4
2026-05-04T06:47:54.317702,1,12.5,930.3,23.4,69.5,306.2,24.2,78.1,1007.0,3.9,No rain expected,0,0,85.3
2026-05-04T07:47:54.317702,1,11.7,920.7,23.9,67.4,296.6,27.7,69.9,1005.9,4.4,No rain expected,0,0,82.6
2026-05-04T08:47:54.317702,1,11.4,921.4,24.4,66.3,293.0,28.4,74.6,1005.6,3.6,No rain expected,0,0,82.1
2026-05-04T09:47:54.317702,1,12.9,946.1,23.9,62.4,298.0,28.7,64.8,1005.4,3.1,No rain expected,0,0,82.5
2026-05-04T10:47:54.317702,1,12.5,933.5,25.0,58.1,298.8,31.4,59.0,1005.8,2.1,No rain expected,0,0,79.6
2026-05-04T11:47:54.317702,1,12.7,957.7,26.1,62.2,286.0,31.8,62.4,1004.9,2.0,No rain expected,0,0,78.5
2026-05-04T12:47:54.317702,1,11.8,924.7,26.9,60.5,302.7,33.6,56.3,1004.5,1.6,No rain expected,0,0,77.1
2026-05-04T13:47:54.317702,1,11.0,927.5,26.3,55.9,287.4,32.1,56.8,1005.9,0.6,No rain expected,0,0,78.2
2026-05-04T14:47:54.317702,1,11.1,911.0,26.5,55.1,287.2,33.2,52.9,1005.3,1.4,No rain expected,0,0,76.9
2026-05-04T15:47:54.317702,1,11.6,940.9,26.7,60.6,313.1,33.7,60.3,1006.0,2.0,No rain expected,0,0,76.9
2026-05-04T16:47:54.317702,1,12.7,955.6,26.6,61.9,313.1,32.5,58.2,1006.0,2.5,No rain expected,0,0,77.4
2026-05-04T17:47:54.317702,1,11.4,914.1,25.8,61.4,287.5,30.7,59.2,1005.5,3.0,No rain expected,0,0,80.6
2026-05-04T18:47:54.317702,1,11.2,903.8,25.3,64.9,309.9,31.5,64.4,1005.7,4.1,No rain expected,0,0,78.9
2026-05-04T19:47:54.317702,1,11.8,922.1,23.9,59.3,310.7,29.2,63.5,1006.1,3.8,No rain expected,0,0,82.9
2026-05-04T20:47:54.317702,1,12.6,922.3,24.0,66.5,297.9,27.1,71.1,1004.6,3.5,No rain expected,0,0,83.1
2026-05-04T21:47:54.317702,1,11.1,910.5,23.6,64.3,289.8,25.5,73.6,1004.6,3.1,No rain expected,0,0,86.2
2026-05-04T22:47:54.317702,1,11.4,910.9,23.6,65.5,301.0,25.9,73.5,1006.3,2.6,No rain expected,0,0,85.2
2026-05-04T23:47:54.317702,1,11.7,937.4,23.4,67.8,307.9,24.7,77.8,1005.7,1.4,No rain expected,0,0,85.5
2026-05-05T00:47:54.317702,1,11.2,912.7,22.3,69.9,307.8,24.6,85.6,1006.0,1.6,No rain expected,0,0,83.7
2026-05-05T01:47:54.317702,1,12.3,931.3,23.0,69.6,309.4,23.6,83.7,1007.1,0.9,No rain expected,0,0,86.1
2026-05-05T02:47:54.317702,1,15.0,993.6,22.2,74.0,290.2,23.1,87.6,1007.6,1.4,No rain expected,0,0,82.3
2026-05-05T03:47:54.317702,1,12.3,950.1,22.1,69.8,297.0,22.0,84.8,1008.0,1.9,No rain expected,0,0,85.2
2026-05-05T04:47:54.317702,1,14.4,961.4,22.6,71.9,303.1,23.3,82.2,1008.8,2.1,No rain expected,0,0,83.9
2026-05-05T05:47:54.317702,1,14.0,952.5,22.9,72.9,297.9,23.1,81.1,1008.0,3.4,No rain expected,0,0,84.8
2026-05-05T06:47:54.317702,1,11.8,907.8,23.4,67.5,291.8,26.8,79.6,1009.8,3.9,No rain expected,0,0,83.8
2026-05-05T07:47:54.317702,1,12.4,933.3,24.1,68.9,296.3,27.2,76.2,1009.7,4.1,No rain expected,0,0,82.2
2026-05-05T08:47:54.317702,1,12.0,925.8,24.1,64.7,285.3,29.3,66.1,1009.0,4.1,No rain expected,0,0,81.7
2026-05-05T09:47:54.317702,1,12.9,932.3,24.5,62.1,303.2,29.9,62.9,1010.2,3.3,No rain expected,0,0,81.1
2026-05-05T10:47:54.317702,1,12.5,919.8,25.8,60.1,287.0,31.5,64.5,1011.1,2.1,No rain expected,0,0,79.9
2026-05-05T11:47:54.317702,1,11.6,924.3,24.8,56.9,295.3,30.6,57.4,1009.9,2.0,No rain expected,0,0,80.5
2026-05-05T12:47:54.317702,1,11.7,918.3,25.9,55.4,299.4,31.0,55.1,1009.7,1.5,No rain expected,0,0,79.1
2026-05-05T13:47:54.317702,1,11.4,940.3,26.8,61.2,308.9,33.8,58.9,1010.4,1.3,No rain expected,0,0,76.7
2026-05-05T14:47:54.317702,1,11.7,921.1,26.8,58.8,301.1,32.0,53.3,1010.5,1.4,No rain expected,0,0,78.6
2026-05-05T15:47:54.317702,1,11.4,932.3,25.6,60.7,305.9,31.5,58.7,1011.9,1.9,No rain expected,0,0,79.8
2026-05-05T16:47:54.317702,1,11.9,938.0,26.1,59.9,301.0,31.5,56.2,1010.1,2.2,No rain expected,0,0,79.6
2026-05-05T17:47:54.317702,1,11.4,933.6,25.3,60.7,307.3,30.5,62.6,1011.3,3.3,No rain expected,0,0,81.0
2026-05-05T18:47:54.317702,1,11.1,899.5,25.4,64.1,290.4,30.6,64.1,1010.3,4.1,No rain expected,0,0,80.3
2026-05-05T19:47:54.317702,1,11.8,922.4,24.6,62.6,312.1,30.3,68.9,1011.5,3.7,No rain expected,0,0,80.8
2026-05-05T20:47:54.317702,1,11.6,929.7,23.5,63.4,296.0,27.5,66.3,1011.3,3.7,No rain expected,0,0,84.1
2026-05-05T21:47:54.317702,1,13.1,961.7,23.3,70.2,286.9,27.1,77.4,1009.8,3.2,No rain expected,0,0,82.1
2026-05-05T22:47:54.317702,1,11.2,933.3,23.6,68.9,294.8,26.5,82.4,1011.1,2.6,No rain expected,0,0,83.6
2026-05-05T23:47:54.317702,1,12.8,945.4,23.0,70.9,312.9,25.4,76.5,1010.1,1.7,No rain expected,0,0,83.6
2026-05-06T00:47:54.317702,1,14.4,962.3,23.1,74.0,297.1,22.4,83.3,1009.2,1.0,No rain expected,0,0,83.8
2026-05-06T01:47:54.317702,1,12.6,924.3,22.1,70.5,310.8,23.8,84.5,1009.8,0.6,Rain expected,0,0,83.3
2026-05-06T02:47:54.317702,1,16.7,1019.3,22.1,76.1,311.0,22.7,86.9,1009.3,1.0,No rain expected,0,0,80.9
2026-05-06T03:47:54.317702,1,13.9,978.5,22.3,71.4,302.8,23.8,87.5,1007.7,1.5,No rain expected,0,0,82.9
2026-05-06T04:47:54.317702,1,13.9,974.9,22.2,71.9,297.4,22.7,78.2,1008.7,2.0,No rain expected,0,0,83.7
2026-05-06T05:47:54.317702,1,14.1,980.7,22.6,73.6,314.7,25.9,82.9,1007.4,2.8,No rain expected,0,0,80.7
2026-05-06T06:47:54.317702,1,12.6,926.4,23.1,64.5,308.2,24.6,74.9,1007.6,3.9,No rain expected,0,0,86.5
2026-05-06T07:47:54.317702,1,11.9,935.0,23.4,62.2,299.4,26.7,69.7,1006.1,4.1,No rain expected,0,0,85.2
2026-05-06T08:47:54.317702,1,11.5,910.7,24.3,65.4,292.9,28.4,65.7,1005.9,3.5,No rain expected,0,0,82.4
2026-05-06T09:47:54.317702,1,11.5,910.1,24.2,63.2,294.2,30.5,71.0,1006.1,3.2,No rain expected,0,0,81.0
2026-05-06T10:47:54.317702,1,12.8,944.3,24.7,63.3,293.3,30.0,62.9,1006.5,2.1,No rain expected,0,0,80.7
2026-05-06T11:47:54.317702,1,11.4,916.1,25.1,58.2,304.0,30.3,56.0,1006.2,1.9,No rain expected,0,0,81.1
2026-05-06T12:47:54.317702,1,11.4,929.7,26.7,58.8,298.8,33.0,60.0,1005.3,1.3,No rain expected,0,0,77.7
2026-05-06T13:47:54.317702,1,12.0,937.6,26.9,59.2,286.9,34.3,57.0,1005.3,1.1,No rain expected,0,0,76.4
2026-05-06T14:47:54.317702,1,11.3,935.9,27.1,55.3,294.5,34.2,50.9,1005.2,0.9,No rain expected,0,0,75.3
2026-05-06T15:47:54.317702,1,12.0,947.2,26.4,57.2,300.8,32.5,55.1,1004.6,1.4,No rain expected,0,0,77.6
2026-05-06T16:47:54.317702,1,12.7,940.8,25.8,56.0,292.3,31.9,52.8,1005.1,2.7,No rain expected,0,0,78.1
2026-05-06T17:47:54.317702,1,11.8,943.1,26.2,59.2,312.9,32.8,57.2,1004.6,3.2,No rain expected,0,0,77.9
2026-05-06T18:47:54.317702,1,11.7,933.3,24.5,59.0,291.4,29.9,59.6,1004.8,3.4,No rain expected,0,0,82.0
2026-05-06T19:47:54.317702,1,12.7,943.3,23.9,60.6,292.0,28.5,65.6,1005.6,3.7,No rain expected,0,0,83.4
2026-05-06T20:47:54.317702,1,12.6,934.0,24.1,64.2,289.6,28.9,67.7,1005.8,3.7,No rain expected,0,0,82.0
2026-05-06T21:47:54.317702,1,12.0,917.5,23.6,64.0,289.5,27.2,71.9,1005.6,3.1,No rain expected,0,0,84.2
2026-05-06T22:47:54.317702,1,11.7,927.9,23.2,66.1,312.8,24.9,77.8,1005.4,2.7,No rain expected,0,0,85.9
2026-05-06T23:47:54.317702,1,14.5,954.8,22.6,73.2,291.7,23.8,83.6,1006.5,1.4,Rain expected,0,0,83.2
2026-05-07T00:47:54.317702,1,12.6,941.3,22.9,69.6,293.3,22.7,81.3,1005.7,0.8,No rain expected,0,0,86.3
2026-05-07T01:47:54.317702,1,13.3,955.2,22.4,72.0,295.3,23.5,80.0,1006.0,0.7,No rain expected,0,0,83.7
2026-05-07T02:47:54.317702,1,13.6,958.7,22.8,72.7,311.5,23.3,80.3,1006.7,1.5,No rain expected,0,0,84.3
2026-05-07T03:47:54.317702,1,12.8,938.8,22.6,72.1,313.7,21.9,84.9,1006.7,1.6,No rain expected,0,0,84.4
2026-05-07T04:47:54.317702,1,12.6,945.6,22.7,70.8,304.4,23.4,80.5,1008.1,2.8,No rain expected,0,0,85.0
2026-05-07T05:47:54.317702,1,11.7,913.4,22.9,70.1,291.2,25.4,76.2,1008.6,3.0,No rain expected,0,0,84.4
2026-05-07T06:47:54.317702,1,11.3,905.5,23.0,67.3,314.4,26.7,75.7,1008.6,3.5,No rain expected,0,0,84.0
2026-05-07T07:47:54.317702,1,12.3,923.1,23.2,68.0,303.5,26.6,71.2,1010.1,4.5,No rain expected,0,0,83.6
2026-05-07T08:47:54.317702,1,11.7,923.1,24.3,62.3,288.9,28.1,66.8,1008.6,4.1,No rain expected,0,0,83.6
2026-05-07T09:47:54.317702,1,12.6,956.6,24.2,64.7,303.5,28.2,63.5,1009.9,3.7,No rain expected,0,0,82.2
2026-05-07T10:47:54.317702,1,11.2,912.7,25.1,62.5,286.6,31.4,62.3,1011.1,2.6,No rain expected,0,0,80.0
2026-05-07T11:47:54.317702,1,12.2,936.1,25.9,58.7,293.6,31.1,60.6,1009.9,1.9,No rain expected,0,0,79.8
2026-05-07T12:47:54.317702,1,11.1,897.0,25.5,62.6,290.8,31.6,60.3,1010.8,1.6,No rain expected,0,0,79.7
2026-05-07T13:47:54.317702,1,11.7,914.1,26.0,58.0,299.9,31.7,60.1,1010.5,1.0,No rain expected,0,0,79.1
2026-05-07T14:47:54.317702,1,11.2,918.0,26.8,57.4,295.6,33.3,52.0,1010.3,1.4,No rain expected,0,0,77.1
2026-05-07T15:47:54.317702,1,12.1,929.2,26.7,62.2,314.4,32.0,59.2,1010.5,2.0,No rain expected,0,0,78.0
2026-05-07T16:47:54.317702,1,12.9,938.4,26.9,55.6,294.7,33.4,55.0,1010.6,2.3,No rain expected,0,0,75.8
2026-05-07T17:47:54.317702,1,12.3,930.8,25.4,60.8,290.3,30.9,61.4,1011.2,3.2,No rain expected,0,0,80.4
2026-05-07T18:47:54.317702,1,13.0,926.7,25.7,64.2,308.8,31.6,65.4,1010.3,3.7,No rain expected,0,0,78.1
2026-05-07T19:47:54.317702,1,11.7,938.1,24.4,61.4,289.1,29.3,63.0,1011.2,4.4,No rain expected,0,0,82.5
2026-05-07T20:47:54.317702,1,12.6,921.5,24.4,59.8,290.8,27.5,65.0,1011.3,4.3,No rain expected,0,0,84.5
2026-05-07T21:47:54.317702,1,11.8,923.2,23.3,65.6,302.6,27.0,73.9,1010.1,2.9,No rain expected,0,0,84.0
2026-05-07T22:47:54.317702,1,12.9,954.5,22.8,65.0,312.8,25.3,73.2,1010.4,2.8,No rain expected,0,0,84.9
2026-05-07T23:47:54.317702,1,12.4,932.6,23.1,69.3,302.5,23.7,82.8,1009.0,2.1,No rain expected,0,0,86.0
2026-05-08T00:47:54.317702,1,14.1,962.1,23.2,72.4,301.5,22.6,87.0,1009.4,1.1,No rain expected,0,0,84.3
2026-05-08T01:47:54.317702,1,12.4,931.6,22.6,71.4,302.7,22.4,87.1,1009.0,1.3,No rain expected,0,0,85.4
2026-05-08T02:47:54.317702,1,12.3,930.9,22.6,71.4,308.5,23.6,86.0,1009.5,0.8,No rain expected,0,0,84.5
2026-05-08T03:47:54.317702,1,14.6,955.8,22.8,72.9,302.1,22.6,87.4,1007.9,1.5,No rain expected,0,0,84.4
2026-05-08T04:47:54.317702,1,15.8,997.7,22.8,74.1,294.6,24.5,84.5,1008.1,2.1,No rain expected,0,0,82.0
2026-05-08T05:47:54.317702,1,12.5,921.4,22.7,71.4,297.9,25.0,81.0,1006.8,3.6,No rain expected,0,0,83.5
2026-05-08T06:47:54.317702,1,12.5,950.3,23.5,68.7,313.1,24.3,80.1,1007.6,3.8,No rain expected,0,0,85.2
2026-05-08T07:47:54.317702,1,12.8,926.5,23.8,66.0,307.1,25.6,69.9,1006.7,4.3,No rain expected,0,0,84.6
2026-05-08T08:47:54.317702,1,11.6,918.0,23.8,64.9,285.3,27.5,69.8,1007.2,3.8,No rain expected,0,0,83.7
2026-05-08T09:47:54.317702,1,11.7,933.6,24.1,62.4,313.7,28.7,63.0,1005.7,2.8,No rain expected,0,0,82.7
2026-05-08T10:47:54.317702,1,12.4,925.9,25.7,60.8,295.7,31.9,60.9,1006.1,2.3,No rain expected,0,0,79.2
2026-05-08T11:47:54.317702,1,12.7,926.0,25.8,59.1,301.4,32.3,56.7,1004.9,1.6,No rain expected,0,0,78.6
2026-05-08T12:47:54.317702,1,12.8,947.0,26.6,57.1,308.2,32.5,57.0,1006.0,1.5,No rain expected,0,0,77.1
2026-05-08T13:47:54.317702,1,12.8,930.1,26.7,56.8,288.5,33.2,57.3,1004.9,1.0,No rain expected,0,0,76.6
2026-05-08T14:47:54.317702,1,12.4,920.7,26.5,53.4,302.8,32.2,51.2,1005.9,1.0,No rain expected,0,0,76.7
2026-05-08T15:47:54.317702,1,12.1,913.3,26.3,56.1,291.8,32.0,54.5,1004.6,2.1,No rain expected,0,0,78.1
2026-05-08T16:47:54.317702,1,12.0,924.2,25.9,60.7,314.1,31.0,61.8,1005.5,2.2,No rain expected,0,0,79.9
2026-05-08T17:47:54.317702,1,12.9,948.9,25.7,62.8,300.0,32.3,60.6,1004.1,3.1,No rain expected,0,0,77.9
2026-05-08T18:47:54.317702,1,12.3,933.8,24.3,61.0,289.1,30.0,62.5,1005.9,4.1,No rain expected,0,0,81.8
2026-05-08T19:47:54.317702,1,12.6,945.0,24.5,63.1,306.9,28.2,64.9,1005.8,3.6,No rain expected,0,0,82.5
2026-05-08T20:47:54.317702,1,12.8,930.2,23.5,62.8,287.6,28.2,70.2,1006.3,3.5,No rain expected,0,0,83.4
2026-05-08T21:47:54.317702,1,12.6,949.2,23.6,66.1,312.0,26.2,74.5,1004.7,3.0,No rain expected,0,0,84.0
2026-05-08T22:47:54.317702,1,11.2,925.4,23.1,69.3,291.5,25.6,80.0,1005.4,2.2,No rain expected,0,0,84.7
2026-05-08T23:47:54.317702,1,11.9,937.5,22.7,70.6,289.2,24.0,76.6,1006.4,1.4,No rain expected,0,0,84.9
2026-05-09T00:47:54.317702,1,11.4,934.7,22.9,70.1,291.8,24.6,79.7,1006.8,1.4,No rain expected,0,0,85.1
2026-05-09T01:47:54.317702,1,12.0,912.1,22.5,69.2,292.8,21.7,83.1,1006.7,1.5,No rain expected,0,0,85.6
2026-05-09T02:47:54.317702,1,12.2,935.5,22.4,69.3,285.5,24.2,82.1,1006.5,1.1,No rain expected,0,0,84.3
2026-05-09T03:47:54.317702,1,14.3,972.7,22.9,72.0,302.9,24.3,80.2,1007.6,1.9,No rain expected,0,0,83.6
2026-05-09T04:47:54.317702,1,13.8,966.4,23.0,71.1,290.2,24.3,80.2,1007.2,2.3,No rain expected,0,0,84.5
2026-05-09T05:47:54.317702,1,14.0,958.8,23.1,72.2,288.6,23.9,82.4,1008.4,3.7,Rain expected,0,0,84.5
2026-05-09T06:47:54.317702,1,11.1,925.6,22.9,68.0,300.3,26.4,73.6,1008.1,3.5,No rain expected,0,0,84.0
2026-05-09T07:47:54.317702,1,12.0,944.8,23.3,64.6,308.8,26.6,73.1,1010.0,4.1,No rain expected,0,0,84.4
2026-05-09T08:47:54.317702,1,11.1,915.5,23.8,66.7,286.8,26.9,73.4,1009.5,3.9,No rain expected,0,0,83.9
2026-05-09T09:47:54.317702,1,11.6,927.7,24.4,65.0,312.1,30.2,68.9,1009.1,3.3,No rain expected,0,0,80.3
2026-05-09T10:47:54.317702,1,11.7,922.7,24.9,59.2,297.0,29.3,60.8,1009.5,2.7,No rain expected,0,0,82.4
2026-05-09T11:47:54.317702,1,12.4,950.5,25.0,61.3,289.9,30.2,62.6,1010.7,1.7,No rain expected,0,0,81.0
2026-05-09T12:47:54.317702,1,11.1,932.1,26.2,62.3,299.7,32.2,59.1,1011.4,1.6,No rain expected,0,0,78.5
2026-05-09T13:47:54.317702,1,11.8,922.7,27.1,58.9,312.6,33.1,53.7,1011.2,0.7,No rain expected,0,0,77.2
2026-05-09T14:47:54.317702,1,12.8,941.5,26.8,57.9,307.6,33.3,52.4,1011.7,1.3,No rain expected,0,0,76.5
2026-05-09T15:47:54.317702,1,11.7,918.3,26.4,57.0,311.0,33.6,58.8,1012.0,2.1,No rain expected,0,0,76.6
2026-05-09T16:47:54.317702,1,11.6,908.0,26.9,55.6,304.7,33.8,55.0,1011.5,2.9,No rain expected,0,0,75.9
2026-05-09T17:47:54.317702,1,12.7,926.8,25.1,62.0,289.1,30.1,62.0,1010.9,3.0,No rain expected,0,0,80.9
2026-05-09T18:47:54.317702,1,11.6,941.6,24.8,62.1,301.6,31.2,64.7,1010.1,3.6,No rain expected,0,0,80.0
2026-05-09T19:47:54.317702,1,12.4,936.5,24.8,60.2,305.7,28.4,66.0,1011.0,4.1,No rain expected,0,0,83.2
2026-05-09T20:47:54.317702,1,11.0,904.1,23.9,68.5,300.9,28.4,74.9,1010.9,3.4,No rain expected,0,0,81.8
2026-05-09T21:47:54.317702,1,12.9,937.2,23.3,70.5,290.4,25.5,76.8,1010.4,2.9,No rain expected,0,0,83.7
2026-05-09T22:47:54.317702,1,12.0,921.5,23.6,69.4,297.0,26.9,74.1,1009.3,3.0,No rain expected,0,0,82.8
2026-05-09T23:47:54.317702,1,14.4,953.4,22.9,72.0,300.8,23.7,83.7,1009.4,1.7,No rain expected,0,0,84.3
2026-05-10T00:47:54.317702,1,11.8,910.3,22.5,70.0,311.0,25.1,84.1,1009.3,1.2,No rain expected,0,0,83.4
2026-05-10T01:47:54.317702,1,11.4,906.9,22.9,67.8,304.5,22.7,80.6,1008.3,1.2,No rain expected,0,0,87.3
2026-05-10T02:47:54.317702,1,17.2,1022.0,22.2,76.0,301.0,21.6,88.4,1009.2,1.3,No rain expected,0,0,81.0
2026-05-10T03:47:54.317702,1,14.4,981.1,23.0,73.0,296.6,23.0,83.4,1008.5,2.0,No rain expected,0,0,84.9
2026-05-10T04:47:54.317702,1,11.0,914.2,22.3,69.5,289.5,24.8,82.9,1008.3,2.6,No rain expected,0,0,83.9
2026-05-10T05:47:54.317702,1,13.1,951.1,22.5,70.3,308.1,24.1,79.9,1007.2,3.2,No rain expected,0,0,83.8
2026-05-10T06:47:54.317702,1,12.9,956.1,22.8,65.7,312.6,24.9,73.9,1007.9,3.7,No rain expected,0,0,85.1
2026-05-10T07:47:54.317702,1,13.0,948.6,24.0,69.5,289.0,27.5,74.9,1007.2,3.6,No rain expected,0,0,81.6
2026-05-10T08:47:54.317702,1,12.2,939.3,23.7,62.8,309.7,28.5,67.7,1006.1,3.5,No rain expected,0,0,82.8
2026-05-10T09:47:54.317702,1,12.5,927.3,23.9,62.8,298.5,28.8,62.1,1005.7,3.0,No rain expected,0,0,82.5
2026-05-10T10:47:54.317702,1,11.7,941.7,25.2,59.8,292.5,30.1,61.1,1006.9,2.6,No rain expected,0,0,81.6
2026-05-10T11:47:54.317702,1,11.9,940.7,25.5,60.1,314.7,30.7,56.3,1006.3,2.1,No rain expected,0,0,80.6
2026-05-10T12:47:54.317702,1,12.8,935.1,26.0,54.8,313.8,32.2,53.5,1005.3,1.5,No rain expected,0,0,77.0
2026-05-10T13:47:54.317702,1,12.0,934.0,27.5,59.5,304.3,34.0,58.1,1004.7,1.3,No rain expected,0,0,76.3
2026-05-10T14:47:54.317702,1,11.1,909.5,27.1,60.1,297.9,34.0,56.8,1005.6,1.3,No rain expected,0,0,77.1
2026-05-10T15:47:54.317702,1,12.6,947.8,26.9,56.1,306.2,33.6,52.5,1005.5,1.4,No rain expected,0,0,75.7
2026-05-10T16:47:54.317702,1,12.9,948.0,26.5,61.5,303.3,33.3,58.9,1004.6,2.7,No rain expected,0,0,76.8
2026-05-10T17:47:54.317702,1,12.8,927.4,24.8,56.4,296.0,30.6,54.9,1005.2,3.3,No rain expected,0,0,80.0
2026-05-10T18:47:54.317702,1,11.1,907.3,25.1,62.2,313.2,29.2,66.0,1005.6,3.4,No rain expected,0,0,82.1
2026-05-10T19:47:54.317702,1,12.0,916.5,24.8,65.9,291.0,28.7,66.6,1004.3,3.6,No rain expected,0,0,81.6
2026-05-10T20:47:54.317702,1,11.1,915.8,24.3,68.8,296.3,26.9,72.4,1006.0,4.2,No rain expected,0,0,82.9
2026-05-10T21:47:54.317702,1,11.5,921.2,23.7,63.9,314.3,27.8,72.7,1005.0,3.1,No rain expected,0,0,83.5
2026-05-10T22:47:54.317702,1,13.2,951.9,23.6,70.6,303.4,26.7,80.1,1006.7,2.8,No rain expected,0,0,82.0
2026-05-10T23:47:54.317702,1,14.7,988.5,22.8,73.8,289.3,25.5,83.1,1005.2,1.6,No rain expected,0,0,81.6
2026-05-11T00:47:54.317702,1,14.0,969.7,22.4,72.7,307.4,22.5,82.3,1007.2,0.7,No rain expected,0,0,84.0
2026-05-11T01:47:54.317702,1,16.6,1012.3,22.1,75.5,309.9,22.9,89.5,1006.7,1.5,No rain expected,0,0,81.0
2026-05-11T02:47:54.317702,1,16.4,1013.6,22.4,76.4,306.9,23.6,89.3,1007.9,1.5,No rain expected,0,0,80.8
2026-05-11T03:47:54.317702,1,13.7,951.1,22.7,71.5,310.8,22.6,83.5,1007.3,1.8,Rain expected,0,0,85.0
2026-05-11T04:47:54.317702,1,12.3,918.2,23.1,71.0,292.2,24.7,87.1,1008.4,2.6,No rain expected,0,0,84.8
2026-05-11T05:47:54.317702,1,11.2,911.5,23.4,67.6,301.7,24.3,78.2,1008.9,3.7,No rain expected,0,0,86.3
2026-05-11T06:47:54.317702,1,11.6,935.8,23.0,70.2,286.3,26.2,81.6,1008.4,3.8,No rain expected,0,0,83.7
2026-05-11T07:47:54.317702,1,12.9,960.4,23.7,67.3,293.0,26.4,70.1,1010.1,4.2,No rain expected,0,0,83.4
2026-05-11T08:47:54.317702,1,11.3,930.4,23.9,64.5,291.7,28.0,74.3,1010.5,3.5,No rain expected,0,0,83.2
2026-05-11T09:47:54.317702,1,12.3,939.5,24.8,66.1,301.6,28.3,67.2,1009.6,3.7,No rain expected,0,0,81.5
2026-05-11T10:47:54.317702,1,12.4,935.1,25.8,63.8,296.8,31.7,63.9,1010.8,2.8,No rain expected,0,0,78.4
2026-05-11T11:47:54.317702,1,12.1,942.6,26.3,60.9,314.3,32.7,59.0,1010.5,1.3,No rain expected,0,0,77.8
2026-05-11T12:47:54.317702,1,11.2,927.1,26.9,61.0,287.4,33.1,57.7,1011.1,1.3,No rain expected,0,0,77.8
2026-05-11T13:47:54.317702,1,12.3,923.2,26.5,58.9,301.5,33.7,54.5,1010.0,1.0,No rain expected,0,0,76.9
2026-05-11T14:47:54.317702,1,11.3,912.8,27.1,58.7,295.0,32.7,59.1,1011.3,1.4,No rain expected,0,0,78.0
2026-05-11T15:47:54.317702,1,11.9,948.4,26.2,58.2,300.3,31.9,51.6,1010.4,2.2,No rain expected,0,0,78.6
2026-05-11T16:47:54.317702,1,12.4,944.5,26.3,57.5,302.6,33.5,53.4,1011.7,2.2,No rain expected,0,0,76.6
2026-05-11T17:47:54.317702,1,12.7,933.0,26.3,60.0,310.4,32.9,55.7,1011.1,3.0,No rain expected,0,0,77.8
2026-05-11T18:47:54.317702,1,11.7,913.0,24.6,59.1,304.3,30.6,60.6,1010.3,3.9,No rain expected,0,0,81.2
2026-05-11T19:47:54.317702,1,11.5,923.0,24.8,59.3,300.5,27.8,64.2,1009.8,4.5,No rain expected,0,0,84.0
2026-05-11T20:47:54.317702,1,12.5,929.4,24.1,66.5,306.7,26.8,73.4,1009.6,4.1,No rain expected,0,0,83.2
2026-05-11T21:47:54.317702,1,13.0,936.0,24.1,70.6,301.3,25.4,78.8,1010.9,3.6,No rain expected,0,0,83.3
2026-05-11T22:47:54.317702,1,12.6,927.4,23.2,69.2,298.8,24.6,78.9,1010.3,2.9,No rain expected,0,0,85.1
2026-05-11T23:47:54.317702,1,12.3,952.4,22.7,71.1,314.0,23.2,76.4,1010.3,2.0,No rain expected,0,0,85.1
2026-05-12T00:47:54.317702,1,14.5,961.8,22.5,72.0,291.6,23.3,86.3,1009.5,1.3,Rain expected,0,0,83.8
2026-05-12T01:47:54.317702,1,15.4,978.7,22.9,73.7,302.2,22.0,84.8,1008.2,0.5,Rain expected,0,0,83.3
2026-05-12T02:47:54.317702,1,14.9,981.7,22.7,74.3,290.2,23.7,83.4,1009.6,1.4,No rain expected,0,0,83.0
2026-05-12T03:47:54.317702,1,14.2,967.8,23.0,72.2,302.8,22.9,86.0,1008.9,1.4,No rain expected,0,0,85.1
2026-05-12T04:47:54.317702,1,12.9,959.9,22.5,70.6,301.2,25.2,79.8,1008.0,2.8,No rain expected,0,0,82.7
2026-05-12T05:47:54.317702,1,12.5,956.0,23.1,70.6,307.4,24.7,85.4,1007.8,2.8,Rain expected,0,0,84.4
2026-05-12T06:47:54.317702,1,11.7,939.3,23.5,70.1,290.2,24.7,82.2,1008.1,3.3,No rain expected,0,0,84.9
2026-05-12T07:47:54.317702,1,12.3,945.7,23.2,66.9,307.8,27.6,70.9,1007.3,3.5,No rain expected,0,0,82.7
2026-05-12T08:47:54.317702,1,12.8,928.9,24.2,61.9,294.4,29.2,67.9,1005.6,4.0,No rain expected,0,0,82.2
2026-05-12T09:47:54.317702,1,11.4,914.5,24.9,64.6,306.3,28.7,64.9,1006.4,3.4,No rain expected,0,0,81.9
2026-05-12T10:47:54.317702,1,13.0,943.8,25.8,62.9,294.3,31.6,64.2,1005.2,2.0,No rain expected,0,0,78.6
2026-05-12T11:47:54.317702,1,12.5,947.4,26.2,61.5,308.7,32.1,59.0,1005.5,1.8,No rain expected,0,0,78.2
2026-05-12T12:47:54.317702,1,12.8,939.2,26.4,57.2,308.7,33.7,55.7,1005.0,1.0,No rain expected,0,0,76.1
2026-05-12T13:47:54.317702,1,11.6,931.0,26.3,61.8,301.1,33.0,59.2,1005.9,0.7,No rain expected,0,0,77.7
2026-05-12T14:47:54.317702,1,11.9,911.7,26.2,53.3,295.4,31.8,51.2,1005.6,1.4,No rain expected,0,0,77.5
2026-05-12T15:47:54.317702,1,12.9,944.4,26.9,58.0,304.0,32.8,52.9,1004.7,1.7,No rain expected,0,0,77.0
2026-05-12T16:47:54.317702,1,12.0,925.0,26.5,55.4,297.8,33.3,56.8,1005.3,2.1,No rain expected,0,0,76.4
2026-05-12T17:47:54.317702,1,11.7,921.7,25.9,59.5,299.2,32.7,64.4,1005.4,3.7,No rain expected,0,0,78.6
2026-05-12T18:47:54.317702,1,11.5,925.8,24.8,60.5,288.9,30.3,61.7,1005.1,3.4,No rain expected,0,0,81.7
2026-05-12T19:47:54.317702,1,12.1,943.2,24.4,61.1,285.6,30.4,65.4,1004.4,4.0,No rain expected,0,0,81.4
2026-05-12T20:47:54.317702,1,12.2,936.1,24.4,64.4,294.6,29.0,73.5,1005.7,3.4,No rain expected,0,0,81.7
2026-05-12T21:47:54.317702,1,12.6,924.2,23.3,68.7,293.1,26.3,76.7,1005.1,3.1,No rain expected,0,0,83.6
2026-05-12T22:47:54.317702,1,12.5,932.3,23.4,71.0,299.6,26.5,79.9,1004.9,2.3,No rain expected,0,0,82.6
2026-05-12T23:47:54.317702,1,14.0,945.2,22.8,71.3,292.3,23.1,85.1,1006.8,1.5,No rain expected,0,0,85.2
2026-05-13T00:47:54.317702,1,15.6,982.4,22.8,75.0,313.5,22.7,86.1,1006.8,1.7,No rain expected,0,0,83.3
2026-05-13T01:47:54.317702,1,14.6,988.8,22.9,73.6,298.8,24.6,81.7,1007.4,1.1,No rain expected,0,0,82.7
2026-05-13T02:47:54.317702,1,13.7,937.0,22.3,71.6,296.6,22.7,83.5,1007.2,1.6,No rain expected,0,0,84.3
2026-05-13T03:47:54.317702,1,13.1,935.6,22.7,70.5,310.8,22.7,83.9,1008.4,1.7,Rain expected,0,0,85.7
2026-05-13T04:47:54.317702,1,11.2,903.9,22.9,69.1,310.6,22.3,81.0,1008.3,2.4,No rain expected,0,0,86.5
2026-05-13T05:47:54.317702,1,12.4,924.6,22.7,70.6,309.8,24.4,84.9,1008.9,3.7,No rain expected,0,0,84.2
2026-05-13T06:47:54.317702,1,12.0,929.8,23.6,65.7,285.9,24.5,75.9,1008.6,3.5,No rain expected,0,0,86.4
2026-05-13T07:47:54.317702,1,11.5,907.1,23.1,66.9,302.5,27.7,70.4,1008.2,4.0,No rain expected,0,0,83.2
2026-05-13T08:47:54.317702,1,11.9,941.9,23.9,65.8,311.2,28.3,70.5,1010.1,3.9,No rain expected,0,0,82.1
2026-05-13T09:47:54.317702,1,11.2,937.6,24.7,63.8,288.7,29.5,66.4,1008.9,2.9,No rain expected,0,0,81.6
2026-05-13T10:47:54.317702,1,12.8,950.9,25.1,62.8,285.3,29.7,61.7,1009.8,2.2,No rain expected,0,0,81.0
2026-05-13T11:47:54.317702,1,12.1,930.0,25.6,58.0,311.4,31.2,55.8,1009.5,1.6,No rain expected,0,0,79.5
2026-05-13T12:47:54.317702,1,11.6,931.5,26.0,59.2,294.2,32.9,57.9,1011.5,1.3,No rain expected,0,0,78.3
2026-05-13T13:47:54.317702,1,11.4,922.1,26.2,58.4,300.0,32.0,58.2,1011.0,0.9,No rain expected,0,0,78.9
2026-05-13T14:47:54.317702,1,11.5,929.5,26.5,58.5,285.6,32.4,56.5,1010.5,1.0,No rain expected,0,0,78.5
2026-05-13T15:47:54.317702,1,12.0,946.4,26.5,54.4,289.7,33.1,53.3,1011.2,2.2,No rain expected,0,0,76.2
2026-05-13T16:47:54.317702,1,11.5,925.5,26.3,59.2,299.0,31.5,55.8,1011.5,2.4,No rain expected,0,0,79.5
2026-05-13T17:47:54.317702,1,12.9,953.1,26.3,61.5,286.0,32.6,59.2,1011.5,3.6,No rain expected,0,0,77.8
2026-05-13T18:47:54.317702,1,11.8,946.7,25.2,59.5,305.1,29.8,58.2,1011.2,3.8,No rain expected,0,0,81.6
2026-05-13T19:47:54.317702,1,11.8,915.5,24.7,63.1,297.4,28.0,67.2,1011.6,4.1,No rain expected,0,0,83.1
2026-05-13T20:47:54.317702,1,12.6,928.2,23.6,64.2,303.7,26.8,74.3,1010.7,3.3,No rain expected,0,0,84.2
2026-05-13T21:47:54.317702,1,12.5,938.5,23.7,66.4,289.6,25.9,70.6,1010.3,3.2,No rain expected,0,0,84.5
2026-05-13T22:47:54.317702,1,11.5,932.8,23.1,68.9,290.3,26.8,81.6,1010.8,2.9,Rain expected,0,0,83.5
2026-05-13T23:47:54.317702,1,11.4,909.7,23.0,69.6,290.2,24.0,78.7,1010.2,2.2,No rain expected,0,0,86.3
2026-05-14T00:47:54.317702,1,12.8,955.4,23.1,71.7,313.8,22.4,78.1,1009.9,1.2,No rain expected,0,0,84.8
2026-05-14T01:47:54.317702,1,14.5,984.9,22.6,73.1,296.3,22.8,85.5,1008.6,1.3,Rain expected,0,0,84.0
2026-05-14T02:47:54.317702,1,11.9,939.6,22.8,68.9,300.4,22.4,80.4,1009.1,0.7,No rain expected,0,0,86.3
2026-05-14T03:47:54.317702,1,16.1,972.9,22.4,74.5,301.2,22.2,89.3,1008.4,1.4,No rain expected,0,0,82.8
2026-05-14T04:47:54.317702,1,14.5,970.2,22.8,74.0,296.7,24.1,82.8,1008.8,2.3,No rain expected,0,0,83.0
2026-05-14T05:47:54.317702,1,14.0,943.0,23.1,72.4,308.6,23.8,85.3,1007.4,3.7,No rain expected,0,0,84.4
2026-05-14T06:47:54.317702,1,12.4,935.9,23.5,67.7,302.6,24.9,73.4,1008.2,3.9,No rain expected,0,0,85.1
2026-05-14T07:47:54.317702,1,11.6,931.8,24.0,68.6,309.8,26.8,77.1,1006.5,4.0,No rain expected,0,0,82.9
2026-05-14T08:47:54.317702,1,13.0,953.7,23.5,62.7,295.1,26.7,70.4,1006.8,3.8,No rain expected,0,0,84.6
2026-05-14T09:47:54.317702,1,11.1,915.2,24.8,65.5,303.2,30.6,71.1,1005.4,3.4,No rain expected,0,0,79.9
2026-05-14T10:47:54.317702,1,11.4,926.6,25.7,62.1,301.7,31.8,65.4,1006.7,2.4,No rain expected,0,0,79.1
2026-05-14T11:47:54.317702,1,12.2,950.4,25.7,62.9,286.6,31.2,60.3,1006.0,1.9,No rain expected,0,0,79.3
2026-05-14T12:47:54.317702,1,11.8,918.2,25.8,62.7,299.5,30.9,61.8,1004.6,1.7,No rain expected,0,0,79.8
2026-05-14T13:47:54.317702,1,11.5,939.7,26.4,58.9,308.7,33.3,54.6,1006.2,0.7,No rain expected,0,0,77.4
2026-05-14T14:47:54.317702,1,12.8,957.6,27.3,54.7,304.1,34.2,54.3,1004.6,0.7,No rain expected,0,0,74.4
2026-05-14T15:47:54.317702,1,12.9,944.4,25.9,57.2,312.9,31.9,55.7,1005.4,1.8,No rain expected,0,0,78.0
2026-05-14T16:47:54.317702,1,11.9,930.0,25.3,59.5,305.7,31.1,57.1,1004.2,2.8,No rain expected,0,0,80.3
2026-05-14T17:47:54.317702,1,11.2,918.6,25.7,58.4,303.1,31.4,54.5,1004.6,3.2,No rain expected,0,0,79.8
2026-05-14T18:47:54.317702,1,11.9,920.8,25.5,59.4,288.3,31.7,61.4,1005.3,4.2,No rain expected,0,0,79.8
2026-05-14T19:47:54.317702,1,12.3,915.7,24.4,63.1,302.4,29.1,63.6,1004.5,4.4,No rain expected,0,0,82.0
2026-05-14T20:47:54.317702,1,11.1,921.1,23.9,64.3,311.8,28.4,73.1,1006.3,3.6,No rain expected,0,0,82.8
2026-05-14T21:47:54.317702,1,12.6,926.5,23.4,66.1,286.3,28.2,70.3,1005.8,3.2,No rain expected,0,0,82.5
2026-05-14T22:47:54.317702,1,11.1,932.0,22.8,68.4,303.0,24.9,80.6,1006.5,2.7,No rain expected,0,0,85.0
2026-05-14T23:47:54.317702,1,15.1,972.6,23.1,75.0,307.3,23.2,85.6,1006.4,1.7,No rain expected,0,0,83.7
2026-05-15T00:47:54.317702,1,17.1,1005.5,22.4,76.6,296.2,24.1,87.4,1005.7,1.5,No rain expected,0,0,80.2
2026-05-15T01:47:54.317702,1,15.6,992.4,22.3,74.2,288.4,23.0,82.6,1007.0,1.1,No rain expected,0,0,82.4
2026-05-15T02:47:54.317702,1,14.8,989.4,22.8,73.7,288.6,23.2,85.1,1006.6,1.2,No rain expected,0,0,83.9
2026-05-15T03:47:54.317702,1,13.2,950.2,22.3,71.8,309.1,23.8,88.7,1006.6,1.4,No rain expected,0,0,83.1
2026-05-15T04:47:54.317702,1,13.4,931.2,22.6,71.3,294.8,24.0,81.8,1007.4,2.9,Rain expected,0,0,84.0
2026-05-15T05:47:54.317702,1,13.5,946.7,23.1,71.4,312.7,24.7,79.0,1008.3,2.8,No rain expected,0,0,83.9
2026-05-15T06:47:54.317702,1,12.8,942.7,23.0,69.1,311.5,24.6,77.8,1007.8,3.4,No rain expected,0,0,85.0
2026-05-15T07:47:54.317702,1,11.1,922.2,23.7,63.6,300.1,25.8,69.7,1009.5,3.8,No rain expected,0,0,85.8
2026-05-15T08:47:54.317702,1,11.6,922.6,24.0,62.1,311.2,28.1,65.7,1009.2,3.3,No rain expected,0,0,83.5
2026-05-15T09:47:54.317702,1,11.6,936.8,24.8,62.2,305.4,29.3,63.8,1009.1,3.4,No rain expected,0,0,81.9
2026-05-15T10:47:54.317702,1,12.1,938.8,24.7,61.2,308.5,30.7,60.8,1009.4,2.0,No rain expected,0,0,80.6
2026-05-15T11:47:54.317702,1,12.0,924.9,24.9,57.9,308.9,30.6,59.2,1009.7,2.1,No rain expected,0,0,80.5
2026-05-15T12:47:54.317702,1,12.7,949.2,26.9,58.5,305.5,33.5,55.7,1011.4,1.2,No rain expected,0,0,76.5
2026-05-15T13:47:54.317702,1,11.8,928.3,26.4,56.9,295.6,31.9,58.5,1011.0,1.1,No rain expected,0,0,78.3
2026-05-15T14:47:54.317702,1,12.6,924.9,27.3,55.7,299.9,33.5,53.0,1009.9,1.0,No rain expected,0,0,75.7
2026-05-15T15:47:54.317702,1,12.4,945.9,27.2,59.3,304.2,33.3,54.4,1010.5,2.1,No rain expected,0,0,76.9
2026-05-15T16:47:54.317702,1,11.5,922.0,26.3,58.6,290.3,33.4,59.2,1011.0,2.3,No rain expected,0,0,77.6
2026-05-15T17:47:54.317702,1,11.8,928.9,25.5,61.0,295.4,31.4,64.3,1010.6,2.8,No rain expected,0,0,79.9
2026-05-15T18:47:54.317702,1,11.5,934.7,24.7,60.3,291.7,29.7,64.3,1010.2,3.6,No rain expected,0,0,82.3
2026-05-15T19:47:54.317702,1,12.2,950.4,24.9,63.5,294.5,27.9,61.7,1010.1,4.4,No rain expected,0,0,82.7
2026-05-15T20:47:54.317702,1,12.7,955.1,24.4,65.8,297.3,29.2,66.5,1010.6,3.9,No rain expected,0,0,80.8
2026-05-15T21:47:54.317702,1,11.6,938.9,24.0,64.7,287.3,26.8,73.7,1010.8,3.1,No rain expected,0,0,84.3
2026-05-15T22:47:54.317702,1,12.7,954.4,23.0,65.4,296.9,27.0,73.5,1009.2,2.1,No rain expected,0,0,83.8
2026-05-15T23:47:54.317702,1,15.0,980.3,23.3,73.4,312.5,23.2,84.0,1009.2,2.2,No rain expected,0,0,83.8
2026-05-16T00:47:54.317702,1,12.1,945.3,22.6,70.4,290.4,22.5,83.2,1008.8,1.6,No rain expected,0,0,85.9
2026-05-16T01:47:54.317702,1,12.8,922.4,22.4,71.8,302.3,23.1,84.8,1008.3,0.5,No rain expected,0,0,84.4
2026-05-16T02:47:54.317702,1,12.7,935.0,22.3,69.4,288.1,21.9,80.7,1008.4,1.1,No rain expected,0,0,85.4
2026-05-16T03:47:54.317702,1,11.0,901.4,22.2,68.4,296.1,22.7,80.5,1009.4,2.2,Rain expected,0,0,86.0
2026-05-16T04:47:54.317702,1,14.5,967.2,22.8,74.0,299.6,22.9,83.7,1008.0,2.5,No rain expected,0,0,84.2
2026-05-16T05:47:54.317702,1,13.2,937.8,23.3,72.2,295.3,25.9,81.2,1008.3,3.5,No rain expected,0,0,82.7
2026-05-16T06:47:54.317702,1,12.5,939.6,22.9,71.5,309.6,25.9,82.4,1006.6,3.3,No rain expected,0,0,82.8
2026-05-16T07:47:54.317702,1,12.2,917.1,23.3,65.7,295.1,26.9,73.8,1007.3,4.3,No rain expected,0,0,84.1
2026-05-16T08:47:54.317702,1,11.7,911.9,24.4,65.7,292.0,27.8,72.2,1005.7,4.1,No rain expected,0,0,82.8
2026-05-16T09:47:54.317702,1,12.8,959.0,24.7,66.4,292.6,30.2,67.9,1006.6,2.9,No rain expected,0,0,79.5
2026-05-16T10:47:54.317702,1,12.2,943.6,25.6,64.4,293.6,31.0,64.1,1006.6,2.4,No rain expected,0,0,79.1
2026-05-16T11:47:54.317702,1,11.7,942.6,25.9,58.3,314.7,32.7,60.2,1005.0,2.2,No rain expected,0,0,77.9
2026-05-16T12:47:54.317702,1,12.6,921.9,26.7,57.2,307.2,33.2,55.2,1004.7,0.9,No rain expected,0,0,76.6
2026-05-16T13:47:54.317702,1,12.3,949.5,26.4,62.1,295.7,31.7,60.1,1005.6,0.9,No rain expected,0,0,78.6
2026-05-16T14:47:54.317702,1,12.4,927.7,26.8,61.9,314.2,33.2,58.8,1004.6,1.6,No rain expected,0,0,76.8
2026-05-16T15:47:54.317702,1,12.7,957.6,26.0,56.5,313.6,32.3,54.0,1005.4,2.1,No rain expected,0,0,77.4
2026-05-16T16:47:54.317702,1,12.1,951.0,26.5,59.8,288.6,33.3,61.1,1005.6,2.8,No rain expected,0,0,77.6
2026-05-16T17:47:54.317702,1,11.9,913.8,24.6,60.7,288.6,30.1,61.8,1004.2,3.1,No rain expected,0,0,81.9
2026-05-16T18:47:54.317702,1,12.2,945.8,25.7,59.1,305.1,31.5,58.4,1004.6,4.0,No rain expected,0,0,79.4
2026-05-16T19:47:54.317702,1,12.2,929.0,24.5,59.9,311.7,28.7,61.9,1005.8,4.4,No rain expected,0,0,83.1
2026-05-16T20:47:54.317702,1,11.7,915.8,24.0,65.6,305.1,27.9,73.5,1005.3,3.4,No rain expected,0,0,82.8
2026-05-16T21:47:54.317702,1,12.4,943.2,23.9,67.8,286.3,28.2,75.3,1006.5,3.3,No rain expected,0,0,81.7
2026-05-16T22:47:54.317702,1,14.3,945.2,23.0,71.9,312.2,25.0,82.2,1006.3,2.8,No rain expected,0,0,83.2
2026-05-16T23:47:54.317702,1,13.8,956.0,23.1,71.2,293.8,23.9,77.5,1005.3,2.1,No rain expected,0,0,84.8
2026-05-17T00:47:54.317702,1,15.0,977.9,22.9,73.8,297.1,24.4,85.6,1006.0,1.1,Rain expected,0,0,82.8
2026-05-17T01:47:54.317702,1,16.9,1021.6,22.3,75.2,292.3,23.4,86.8,1006.2,0.7,No rain expected,0,0,81.1
2026-05-17T02:47:54.317702,1,12.3,941.2,22.3,71.0,286.4,22.5,86.0,1006.4,1.3,No rain expected,0,0,85.2
2026-05-17T03:47:54.317702,1,13.0,926.9,22.1,72.5,292.0,22.1,81.6,1007.6,1.6,No rain expected,0,0,84.5
2026-05-17T04:47:54.317702,1,17.0,1014.8,22.7,75.7,294.9,23.3,87.7,1008.1,2.8,Rain expected,0,0,82.1
2026-05-17T05:47:54.317702,1,15.9,986.1,23.1,73.8,287.5,24.4,83.7,1009.3,3.7,Rain expected,0,0,82.8
2026-05-17T06:47:54.317702,1,14.7,968.9,23.2,73.9,299.4,26.1,82.3,1007.8,3.8,No rain expected,0,0,81.3
2026-05-17T07:47:54.317702,1,11.1,926.4,23.5,63.9,290.4,27.4,71.5,1008.9,4.4,No rain expected,0,0,84.3
2026-05-17T08:47:54.317702,1,11.6,915.4,24.1,64.6,290.3,29.5,68.8,1008.7,4.3,No rain expected,0,0,81.6
2026-05-17T09:47:54.317702,1,11.8,940.1,24.5,63.8,295.7,28.3,67.0,1010.3,3.7,No rain expected,0,0,82.6
2026-05-17T10:47:54.317702,1,12.6,957.4,24.8,63.2,294.6,30.2,65.9,1009.7,2.8,No rain expected,0,0,80.4
2026-05-17T11:47:54.317702,1,11.4,938.8,26.1,57.7,306.5,31.5,59.7,1010.4,1.7,No rain expected,0,0,79.1
2026-05-17T12:47:54.317702,1,11.6,926.0,26.3,59.7,305.6,32.9,57.4,1009.9,1.3,No rain expected,0,0,78.2
2026-05-17T13:47:54.317702,1,12.2,923.2,27.1,57.1,285.7,33.0,58.6,1009.9,1.5,No rain expected,0,0,77.0
2026-05-17T14:47:54.317702,1,12.3,946.1,27.1,58.4,301.3,34.2,57.3,1010.2,0.8,No rain expected,0,0,75.8
2026-05-17T15:47:54.317702,1,13.0,949.9,25.9,60.9,312.0,32.1,59.7,1010.9,2.2,No rain expected,0,0,78.4
2026-05-17T16:47:54.317702,1,11.5,912.1,26.3,58.2,291.3,32.8,55.9,1010.8,2.0,No rain expected,0,0,78.1
2026-05-17T17:47:54.317702,1,11.8,944.3,26.4,55.0,310.1,32.4,55.5,1011.8,3.6,No rain expected,0,0,77.0
2026-05-17T18:47:54.317702,1,11.7,939.9,25.7,62.7,295.9,31.7,60.6,1011.3,4.1,No rain expected,0,0,79.0
2026-05-17T19:47:54.317702,1,12.9,938.8,24.7,63.5,289.7,29.1,61.7,1011.2,3.8,No rain expected,0,0,81.5
2026-05-17T20:47:54.317702,1,11.2,934.9,24.3,65.6,297.5,28.4,69.3,1010.0,3.8,No rain expected,0,0,82.3
2026-05-17T21:47:54.317702,1,12.4,929.6,23.4,63.3,290.9,25.7,71.0,1010.8,3.3,No rain expected,0,0,85.8
2026-05-17T22:47:54.317702,1,12.7,953.3,23.1,69.8,303.1,26.8,80.9,1010.7,2.6,Rain expected,0,0,82.6
2026-05-17T23:47:54.317702,1,14.4,948.9,23.4,72.2,293.0,24.5,82.8,1009.1,2.1,No rain expected,0,0,83.6
2026-05-18T00:47:54.317702,1,12.9,939.4,23.1,70.6,298.9,22.9,86.6,1009.5,1.3,No rain expected,0,0,85.9
2026-05-18T01:47:54.317702,1,13.1,938.6,22.7,70.3,303.0,23.5,79.7,1010.1,1.4,No rain expected,0,0,85.0
2026-05-18T02:47:54.317702,1,13.2,956.2,22.2,71.1,296.4,22.6,83.6,1008.1,1.7,No rain expected,0,0,84.3
2026-05-18T03:47:54.317702,1,11.9,910.5,23.0,70.2,299.7,22.1,84.9,1007.6,1.4,Rain expected,0,0,85.9
2026-05-18T04:47:54.317702,1,13.1,938.6,22.3,72.0,288.9,23.5,80.2,1008.6,2.6,No rain expected,0,0,83.6
2026-05-18T05:47:54.317702,1,13.6,946.8,22.9,71.1,314.9,24.7,76.5,1006.8,3.7,No rain expected,0,0,83.7
2026-05-18T06:47:54.317702,1,11.3,901.1,23.4,66.7,310.1,24.3,76.9,1007.4,3.5,No rain expected,0,0,86.5
2026-05-18T07:47:54.317702,1,11.9,941.3,23.2,68.6,298.5,25.3,75.6,1006.1,4.5,No rain expected,0,0,84.7
2026-05-18T08:47:54.317702,1,12.6,938.7,23.8,63.7,299.2,26.7,65.9,1006.0,4.2,No rain expected,0,0,84.3
2026-05-18T09:47:54.317702,1,11.9,945.3,24.4,60.4,285.8,28.0,63.3,1006.2,3.7,No rain expected,0,0,84.0
2026-05-18T10:47:54.317702,1,12.4,925.0,25.9,62.4,308.2,32.0,66.0,1005.0,2.8,No rain expected,0,0,78.4
2026-05-18T11:47:54.317702,1,11.3,928.8,25.5,64.6,291.5,30.2,63.6,1006.4,1.9,No rain expected,0,0,80.2
2026-05-18T12:47:54.317702,1,11.4,927.6,26.3,59.7,296.0,33.2,54.0,1005.0,1.5,No rain expected,0,0,78.0
2026-05-18T13:47:54.317702,1,12.6,938.2,27.0,57.3,291.2,33.4,53.9,1006.0,1.0,No rain expected,0,0,76.4
2026-05-18T14:47:54.317702,1,11.9,939.1,26.7,58.6,301.3,32.9,52.6,1006.1,1.6,No rain expected,0,0,77.5
2026-05-18T15:47:54.317702,1,12.6,956.1,26.6,55.6,311.9,32.0,54.6,1005.1,1.7,No rain expected,0,0,77.1
2026-05-18T16:47:54.317702,1,11.0,926.1,26.5,58.7,306.1,33.8,60.1,1005.7,2.0,No rain expected,0,0,77.1
2026-05-18T17:47:54.317702,1,12.6,934.2,25.3,57.3,314.6,30.9,57.3,1004.2,2.8,No rain expected,0,0,79.5
2026-05-18T18:47:54.317702,1,11.4,919.7,25.0,61.1,290.6,29.2,65.7,1004.1,3.8,No rain expected,0,0,82.6
2026-05-18T19:47:54.317702,1,12.3,944.7,24.5,60.6,302.5,28.0,63.7,1004.8,4.3,No rain expected,0,0,83.6
2026-05-18T20:47:54.317702,1,12.9,940.7,24.3,66.9,290.4,28.8,73.5,1005.7,3.5,No rain expected,0,0,81.0
2026-05-18T21:47:54.317702,1,12.7,956.0,23.5,64.2,308.9,27.8,74.3,1004.7,3.0,No rain expected,0,0,83.0
2026-05-18T22:47:54.317702,1,12.0,932.2,23.4,64.5,307.2,24.1,73.1,1006.8,2.9,No rain expected,0,0,87.0
2026-05-18T23:47:54.317702,1,14.0,949.4,23.2,72.3,292.2,23.5,80.5,1005.4,1.7,Rain expected,0,0,84.8
2026-05-19T00:47:54.317702,1,12.7,925.6,22.6,69.3,303.3,25.0,80.8,1006.6,1.3,No rain expected,0,0,83.7
2026-05-19T01:47:54.317702,1,14.3,981.3,23.0,73.4,314.2,22.2,87.7,1006.4,1.1,No rain expected,0,0,83.8
2026-05-19T02:47:54.317702,1,16.6,988.1,22.7,75.1,301.2,22.2,84.9,1008.1,1.1,No rain expected,0,0,82.5
2026-05-19T03:47:54.317702,1,12.2,942.7,22.9,67.2,308.3,22.0,79.8,1008.3,2.2,No rain expected,0,0,86.3
2026-05-19T04:47:54.317702,1,15.6,997.0,22.5,75.6,290.2,22.5,87.9,1008.2,2.9,No rain expected,0,0,83.0
2026-05-19T05:47:54.317702,1,11.4,930.6,23.0,69.3,293.1,24.6,81.6,1008.9,3.3,No rain expected,0,0,85.6
2026-05-19T06:47:54.317702,1,11.1,906.2,23.7,67.7,310.0,24.2,79.3,1008.7,3.7,No rain expected,0,0,86.2
2026-05-19T07:47:54.317702,1,11.5,908.3,24.1,69.9,312.5,25.7,76.0,1008.4,3.8,No rain expected,0,0,83.6
2026-05-19T08:47:54.317702,1,11.1,918.2,23.8,66.7,293.1,27.0,70.5,1008.8,3.8,No rain expected,0,0,83.8
2026-05-19T09:47:54.317702,1,11.5,912.3,24.1,64.9,311.9,28.6,70.2,1009.7,3.1,No rain expected,0,0,82.2
2026-05-19T10:47:54.317702,1,13.0,948.5,25.2,63.8,306.6,31.8,64.9,1010.5,2.8,No rain expected,0,0,78.2
2026-05-19T11:47:54.317702,1,11.8,918.7,26.1,61.9,305.6,31.7,60.6,1009.6,2.1,No rain expected,0,0,79.0
2026-05-19T12:47:54.317702,1,12.3,924.7,26.2,58.2,303.6,32.0,59.6,1011.1,1.0,No rain expected,0,0,78.5
2026-05-19T13:47:54.317702,1,12.2,949.8,26.1,59.0,304.6,32.2,56.3,1010.7,1.4,No rain expected,0,0,78.5
2026-05-19T14:47:54.317702,1,12.3,925.9,27.1,58.4,300.2,33.4,57.4,1011.8,1.1,No rain expected,0,0,76.7
2026-05-19T15:47:54.317702,1,12.2,926.4,26.6,55.7,308.8,31.6,56.6,1010.8,1.6,No rain expected,0,0,77.9
2026-05-19T16:47:54.317702,1,11.2,908.5,26.5,60.4,298.1,33.1,58.1,1010.5,2.9,No rain expected,0,0,78.2
2026-05-19T17:47:54.317702,1,11.6,906.6,26.4,63.3,299.7,32.5,63.0,1010.4,2.9,No rain expected,0,0,77.8
2026-05-19T18:47:54.317702,1,11.4,925.1,24.5,60.2,304.2,29.8,60.7,1011.7,4.0,No rain expected,0,0,82.3
2026-05-19T19:47:54.317702,1,12.0,933.3,24.0,62.1,285.5,29.7,64.1,1010.2,4.3,No rain expected,0,0,82.1
2026-05-19T20:47:54.317702,1,12.7,930.4,24.3,67.0,309.2,28.4,74.9,1010.9,3.6,No rain expected,0,0,81.3
2026-05-19T21:47:54.317702,1,12.2,918.2,23.5,64.1,295.6,25.5,70.7,1009.4,3.6,No rain expected,0,0,85.8
2026-05-19T22:47:54.317702,1,12.4,925.8,22.9,67.9,285.8,24.4,75.3,1009.9,2.1,No rain expected,0,0,85.8
2026-05-19T23:47:54.317702,1,11.4,927.5,22.7,68.1,298.1,25.4,81.2,1010.5,1.7,No rain expected,0,0,84.4
2026-05-20T00:47:54.317702,1,13.6,955.1,22.6,73.0,286.3,23.4,84.4,1009.1,1.2,No rain expected,0,0,84.0
2026-05-20T01:47:54.317702,1,17.6,1005.2,22.7,76.3,309.0,22.5,88.7,1008.8,0.8,No rain expected,0,0,82.0
2026-05-20T02:47:54.317702,1,15.3,991.0,22.8,74.5,286.4,21.8,84.6,1008.8,1.0,No rain expected,0,0,82.9
2026-05-20T03:47:54.317702,1,13.6,952.3,22.5,71.2,298.9,24.2,83.4,1007.5,1.7,No rain expected,0,0,83.3
2026-05-20T04:47:54.317702,1,13.1,951.5,22.8,72.6,302.9,22.5,82.3,1008.8,2.3,No rain expected,0,0,84.9
2026-05-20T05:47:54.317702,1,13.5,961.1,23.1,71.9,298.0,23.9,84.0,1008.5,2.9,No rain expected,0,0,84.6
2026-05-20T06:47:54.317702,1,11.8,930.9,23.5,69.7,312.8,25.6,77.6,1007.0,3.5,No rain expected,0,0,83.9
2026-05-20T07:47:54.317702,1,12.8,958.2,24.0,66.4,294.0,26.9,69.8,1007.6,3.6,No rain expected,0,0,83.1
2026-05-20T08:47:54.317702,1,11.3,932.1,24.3,63.6,290.9,27.8,71.4,1007.4,3.8,No rain expected,0,0,83.5
2026-05-20T09:47:54.317702,1,12.8,928.9,24.6,61.9,313.0,28.7,66.8,1007.1,3.4,No rain expected,0,0,82.3
2026-05-20T10:47:54.317702,1,11.4,934.6,24.8,63.0,296.9,31.0,62.1,1006.7,2.7,No rain expected,0,0,80.1
2026-05-20T11:47:54.317702,1,11.6,908.8,25.7,60.7,307.4,31.2,56.8,1004.8,1.4,No rain expected,0,0,80.1
2026-05-20T12:47:54.317702,1,12.4,918.8,26.3,56.9,295.9,33.0,59.2,1004.5,0.7,No rain expected,0,0,77.2
2026-05-20T13:47:54.317702,1,11.0,909.7,26.5,57.8,296.3,33.6,59.4,1005.8,0.6,No rain expected,0,0,77.2
2026-05-20T14:47:54.317702,1,11.3,916.3,27.0,53.8,296.9,32.5,52.0,1005.7,0.7,No rain expected,0,0,76.7
2026-05-20T15:47:54.317702,1,11.5,912.4,26.4,59.4,287.8,31.8,53.4,1005.8,1.8,No rain expected,0,0,79.5
2026-05-20T16:47:54.317702,1,11.6,919.5,26.4,61.8,308.0,31.7,58.8,1005.6,2.9,No rain expected,0,0,78.9
2026-05-20T17:47:54.317702,1,11.8,941.2,25.5,60.3,313.7,30.8,56.2,1004.0,3.1,No rain expected,0,0,80.4
2026-05-20T18:47:54.317702,1,12.4,921.2,24.8,57.8,285.5,29.0,59.9,1004.7,3.9,No rain expected,0,0,82.3
2026-05-20T19:47:54.317702,1,12.8,934.9,24.0,61.7,311.2,29.3,61.8,1005.7,4.5,No rain expected,0,0,82.0
2026-05-20T20:47:54.317702,1,12.9,933.5,23.9,65.8,310.4,27.5,70.0,1006.1,4.2,No rain expected,0,0,82.6
2026-05-20T21:47:54.317702,1,11.0,930.8,23.7,64.9,288.5,26.1,69.4,1006.3,3.2,No rain expected,0,0,85.3
2026-05-20T22:47:54.317702,1,11.5,936.6,23.5,68.1,292.1,24.5,80.0,1005.4,2.7,No rain expected,0,0,85.8
2026-05-20T23:47:54.317702,1,14.2,957.7,22.7,72.7,291.3,23.5,79.9,1006.2,1.9,No rain expected,0,0,84.0
2026-05-21T00:47:54.317702,1,15.5,992.2,22.7,73.3,294.0,24.5,83.1,1007.2,0.8,No rain expected,0,0,82.2
2026-05-21T01:47:54.317702,1,15.8,979.4,22.5,74.6,297.3,22.1,88.0,1006.4,0.9,No rain expected,0,0,82.8
2026-05-21T02:47:54.317702,1,13.1,964.0,22.5,70.5,300.6,23.5,81.0,1007.7,0.9,No rain expected,0,0,84.3
2026-05-21T03:47:54.317702,1,16.8,997.8,22.6,75.9,305.9,21.9,86.1,1007.4,1.3,No rain expected,0,0,81.8
2026-05-21T04:47:54.317702,1,15.0,990.0,22.6,74.2,288.3,24.1,86.9,1008.5,3.0,Rain expected,0,0,82.3
2026-05-21T05:47:54.317702,1,11.0,921.8,22.6,66.3,309.5,25.0,76.2,1007.7,3.5,No rain expected,0,0,85.1
2026-05-21T06:47:54.317702,1,12.9,961.1,22.9,68.3,310.0,24.5,76.7,1008.9,4.2,No rain expected,0,0,84.9
2026-05-21T07:47:54.317702,1,13.8,947.2,23.3,71.3,293.3,26.8,77.3,1009.4,4.1,No rain expected,0,0,81.8
2026-05-21T08:47:54.317702,1,12.5,943.0,24.0,65.3,301.8,27.0,73.8,1008.7,4.0,No rain expected,0,0,83.4
2026-05-21T09:47:54.317702,1,12.3,949.8,24.6,62.4,313.1,30.1,62.5,1010.4,3.7,No rain expected,0,0,80.8
2026-05-21T10:47:54.317702,1,11.1,924.3,24.4,61.3,296.6,29.7,59.6,1011.0,2.5,No rain expected,0,0,82.3
2026-05-21T11:47:54.317702,1,12.1,912.3,25.6,56.1,297.8,30.2,54.4,1010.4,1.4,No rain expected,0,0,80.2
2026-05-21T12:47:54.317702,1,12.0,935.3,25.8,57.3,311.6,31.4,56.9,1010.1,1.6,No rain expected,0,0,79.0
2026-05-21T13:47:54.317702,1,11.3,936.6,27.3,56.0,307.1,34.2,54.4,1010.7,0.5,No rain expected,0,0,75.3
2026-05-21T14:47:54.317702,1,12.9,945.4,26.6,58.6,312.5,33.7,57.0,1010.6,1.3,No rain expected,0,0,76.3
2026-05-21T15:47:54.317702,1,12.6,932.8,26.6,59.9,306.8,32.2,56.9,1011.9,2.0,No rain expected,0,0,78.4
